2026-02-16 10:43:39,318 [Worker-6: Loading available Gradle versions] INFO  o.e.b.c.i.u.g.PublishedGradleVersions - Gradle version information cache is out-of-date. Trying to update.
2026-02-18 09:56:43,971 [Worker-3: Loading available Gradle versions] INFO  o.e.b.c.i.u.g.PublishedGradleVersions - Gradle version information cache is up-to-date. Trying to read.
2026-02-20 09:46:12,606 [Worker-7: Loading available Gradle versions] INFO  o.e.b.c.i.u.g.PublishedGradleVersions - Gradle version information cache is up-to-date. Trying to read.
2026-02-23 09:49:35,092 [Worker-3: Loading available Gradle versions] INFO  o.e.b.c.i.u.g.PublishedGradleVersions - Gradle version information cache is up-to-date. Trying to read.
2026-02-25 09:50:34,679 [Worker-2: Loading available Gradle versions] INFO  o.e.b.c.i.u.g.PublishedGradleVersions - Gradle version information cache is up-to-date. Trying to read.
2026-02-27 10:23:51,388 [Worker-7: Loading available Gradle versions] INFO  o.e.b.c.i.u.g.PublishedGradleVersions - Gradle version information cache is out-of-date. Trying to update.
2026-03-02 10:09:34,346 [Worker-3: Loading available Gradle versions] INFO  o.e.b.c.i.u.g.PublishedGradleVersions - Gradle version information cache is up-to-date. Trying to read.
2026-03-13 10:10:57,093 [Worker-1: Loading available Gradle versions] INFO  o.e.b.c.i.u.g.PublishedGradleVersions - Gradle version information cache is up-to-date. Trying to read.
2026-03-16 09:52:12,334 [Worker-3: Loading available Gradle versions] INFO  o.e.b.c.i.u.g.PublishedGradleVersions - Gradle version information cache is up-to-date. Trying to read.
2026-03-18 11:44:27,573 [Worker-0: Loading available Gradle versions] INFO  o.e.b.c.i.u.g.PublishedGradleVersions - Gradle version information cache is out-of-date. Trying to update.
2026-03-20 10:19:04,722 [Worker-2: Loading available Gradle versions] INFO  o.e.b.c.i.u.g.PublishedGradleVersions - Gradle version information cache is out-of-date. Trying to update.
2026-03-25 10:28:12,786 [Worker-4: Loading available Gradle versions] INFO  o.e.b.c.i.u.g.PublishedGradleVersions - Gradle version information cache is up-to-date. Trying to read.
2026-03-27 10:13:24,588 [Worker-7: Loading available Gradle versions] INFO  o.e.b.c.i.u.g.PublishedGradleVersions - Gradle version information cache is up-to-date. Trying to read.
2026-04-03 11:14:30,082 [Worker-2: Loading available Gradle versions] INFO  o.e.b.c.i.u.g.PublishedGradleVersions - Gradle version information cache is up-to-date. Trying to read.
2026-04-10 11:37:52,756 [Worker-6: Loading available Gradle versions] INFO  o.e.b.c.i.u.g.PublishedGradleVersions - Gradle version information cache is up-to-date. Trying to read.
2026-04-10 11:44:48,359 [Worker-35: Launching mavenrun-3dec52c7-54d3-4034-aecc-fd1af659106f] INFO  o.eclipse.m2e.core.internal.Bundles - getClasspathEntries(Bundle=org.eclipse.m2e.maven.runtime_3.9.700.20240602-2313 [642])
2026-04-10 11:44:48,362 [Worker-35: Launching mavenrun-3dec52c7-54d3-4034-aecc-fd1af659106f] INFO  o.eclipse.m2e.core.internal.Bundles - 	Entry: C:\Users\Admin\.p2\pool\plugins\org.eclipse.m2e.maven.runtime_3.9.700.20240602-2313
2026-04-10 11:44:48,362 [Worker-35: Launching mavenrun-3dec52c7-54d3-4034-aecc-fd1af659106f] INFO  o.eclipse.m2e.core.internal.Bundles - 	Entry: C:\Users\Admin\.p2\pool\plugins\org.eclipse.m2e.maven.runtime_3.9.700.20240602-2313\jars\aopalliance-1.0.jar
2026-04-10 11:44:48,362 [Worker-35: Launching mavenrun-3dec52c7-54d3-4034-aecc-fd1af659106f] INFO  o.eclipse.m2e.core.internal.Bundles - 	Entry: C:\Users\Admin\.p2\pool\plugins\org.eclipse.m2e.maven.runtime_3.9.700.20240602-2313\jars\guice-5.1.0.jar
2026-04-10 11:44:48,362 [Worker-35: Launching mavenrun-3dec52c7-54d3-4034-aecc-fd1af659106f] INFO  o.eclipse.m2e.core.internal.Bundles - 	Entry: C:\Users\Admin\.p2\pool\plugins\org.eclipse.m2e.maven.runtime_3.9.700.20240602-2313\jars\httpclient-4.5.14.jar
2026-04-10 11:44:48,362 [Worker-35: Launching mavenrun-3dec52c7-54d3-4034-aecc-fd1af659106f] INFO  o.eclipse.m2e.core.internal.Bundles - 	Entry: C:\Users\Admin\.p2\pool\plugins\org.eclipse.m2e.maven.runtime_3.9.700.20240602-2313\jars\httpcore-4.4.16.jar
2026-04-10 11:44:48,363 [Worker-35: Launching mavenrun-3dec52c7-54d3-4034-aecc-fd1af659106f] INFO  o.eclipse.m2e.core.internal.Bundles - 	Entry: C:\Users\Admin\.p2\pool\plugins\org.eclipse.m2e.maven.runtime_3.9.700.20240602-2313\jars\jansi-2.4.1.jar
2026-04-10 11:44:48,363 [Worker-35: Launching mavenrun-3dec52c7-54d3-4034-aecc-fd1af659106f] INFO  o.eclipse.m2e.core.internal.Bundles - 	Entry: C:\Users\Admin\.p2\pool\plugins\org.eclipse.m2e.maven.runtime_3.9.700.20240602-2313\jars\jcl-over-slf4j-1.7.36.jar
2026-04-10 11:44:48,363 [Worker-35: Launching mavenrun-3dec52c7-54d3-4034-aecc-fd1af659106f] INFO  o.eclipse.m2e.core.internal.Bundles - 	Entry: C:\Users\Admin\.p2\pool\plugins\org.eclipse.m2e.maven.runtime_3.9.700.20240602-2313\jars\maven-artifact-3.9.7.jar
2026-04-10 11:44:48,363 [Worker-35: Launching mavenrun-3dec52c7-54d3-4034-aecc-fd1af659106f] INFO  o.eclipse.m2e.core.internal.Bundles - 	Entry: C:\Users\Admin\.p2\pool\plugins\org.eclipse.m2e.maven.runtime_3.9.700.20240602-2313\jars\maven-builder-support-3.9.7.jar
2026-04-10 11:44:48,363 [Worker-35: Launching mavenrun-3dec52c7-54d3-4034-aecc-fd1af659106f] INFO  o.eclipse.m2e.core.internal.Bundles - 	Entry: C:\Users\Admin\.p2\pool\plugins\org.eclipse.m2e.maven.runtime_3.9.700.20240602-2313\jars\maven-compat-3.9.7.jar
2026-04-10 11:44:48,363 [Worker-35: Launching mavenrun-3dec52c7-54d3-4034-aecc-fd1af659106f] INFO  o.eclipse.m2e.core.internal.Bundles - 	Entry: C:\Users\Admin\.p2\pool\plugins\org.eclipse.m2e.maven.runtime_3.9.700.20240602-2313\jars\maven-core-3.9.7.jar
2026-04-10 11:44:48,363 [Worker-35: Launching mavenrun-3dec52c7-54d3-4034-aecc-fd1af659106f] INFO  o.eclipse.m2e.core.internal.Bundles - 	Entry: C:\Users\Admin\.p2\pool\plugins\org.eclipse.m2e.maven.runtime_3.9.700.20240602-2313\jars\maven-embedder-3.9.7.jar
2026-04-10 11:44:48,364 [Worker-35: Launching mavenrun-3dec52c7-54d3-4034-aecc-fd1af659106f] INFO  o.eclipse.m2e.core.internal.Bundles - 	Entry: C:\Users\Admin\.p2\pool\plugins\org.eclipse.m2e.maven.runtime_3.9.700.20240602-2313\jars\maven-model-3.9.7.jar
2026-04-10 11:44:48,364 [Worker-35: Launching mavenrun-3dec52c7-54d3-4034-aecc-fd1af659106f] INFO  o.eclipse.m2e.core.internal.Bundles - 	Entry: C:\Users\Admin\.p2\pool\plugins\org.eclipse.m2e.maven.runtime_3.9.700.20240602-2313\jars\maven-model-builder-3.9.7.jar
2026-04-10 11:44:48,364 [Worker-35: Launching mavenrun-3dec52c7-54d3-4034-aecc-fd1af659106f] INFO  o.eclipse.m2e.core.internal.Bundles - 	Entry: C:\Users\Admin\.p2\pool\plugins\org.eclipse.m2e.maven.runtime_3.9.700.20240602-2313\jars\maven-plugin-api-3.9.7.jar
2026-04-10 11:44:48,364 [Worker-35: Launching mavenrun-3dec52c7-54d3-4034-aecc-fd1af659106f] INFO  o.eclipse.m2e.core.internal.Bundles - 	Entry: C:\Users\Admin\.p2\pool\plugins\org.eclipse.m2e.maven.runtime_3.9.700.20240602-2313\jars\maven-repository-metadata-3.9.7.jar
2026-04-10 11:44:48,364 [Worker-35: Launching mavenrun-3dec52c7-54d3-4034-aecc-fd1af659106f] INFO  o.eclipse.m2e.core.internal.Bundles - 	Entry: C:\Users\Admin\.p2\pool\plugins\org.eclipse.m2e.maven.runtime_3.9.700.20240602-2313\jars\maven-resolver-api-1.9.20.jar
2026-04-10 11:44:48,364 [Worker-35: Launching mavenrun-3dec52c7-54d3-4034-aecc-fd1af659106f] INFO  o.eclipse.m2e.core.internal.Bundles - 	Entry: C:\Users\Admin\.p2\pool\plugins\org.eclipse.m2e.maven.runtime_3.9.700.20240602-2313\jars\maven-resolver-connector-basic-1.9.20.jar
2026-04-10 11:44:48,364 [Worker-35: Launching mavenrun-3dec52c7-54d3-4034-aecc-fd1af659106f] INFO  o.eclipse.m2e.core.internal.Bundles - 	Entry: C:\Users\Admin\.p2\pool\plugins\org.eclipse.m2e.maven.runtime_3.9.700.20240602-2313\jars\maven-resolver-impl-1.9.20.jar
2026-04-10 11:44:48,364 [Worker-35: Launching mavenrun-3dec52c7-54d3-4034-aecc-fd1af659106f] INFO  o.eclipse.m2e.core.internal.Bundles - 	Entry: C:\Users\Admin\.p2\pool\plugins\org.eclipse.m2e.maven.runtime_3.9.700.20240602-2313\jars\maven-resolver-named-locks-1.9.20.jar
2026-04-10 11:44:48,364 [Worker-35: Launching mavenrun-3dec52c7-54d3-4034-aecc-fd1af659106f] INFO  o.eclipse.m2e.core.internal.Bundles - 	Entry: C:\Users\Admin\.p2\pool\plugins\org.eclipse.m2e.maven.runtime_3.9.700.20240602-2313\jars\maven-resolver-provider-3.9.7.jar
2026-04-10 11:44:48,365 [Worker-35: Launching mavenrun-3dec52c7-54d3-4034-aecc-fd1af659106f] INFO  o.eclipse.m2e.core.internal.Bundles - 	Entry: C:\Users\Admin\.p2\pool\plugins\org.eclipse.m2e.maven.runtime_3.9.700.20240602-2313\jars\maven-resolver-spi-1.9.20.jar
2026-04-10 11:44:48,365 [Worker-35: Launching mavenrun-3dec52c7-54d3-4034-aecc-fd1af659106f] INFO  o.eclipse.m2e.core.internal.Bundles - 	Entry: C:\Users\Admin\.p2\pool\plugins\org.eclipse.m2e.maven.runtime_3.9.700.20240602-2313\jars\maven-resolver-transport-file-1.9.20.jar
2026-04-10 11:44:48,365 [Worker-35: Launching mavenrun-3dec52c7-54d3-4034-aecc-fd1af659106f] INFO  o.eclipse.m2e.core.internal.Bundles - 	Entry: C:\Users\Admin\.p2\pool\plugins\org.eclipse.m2e.maven.runtime_3.9.700.20240602-2313\jars\maven-resolver-transport-http-1.9.20.jar
2026-04-10 11:44:48,365 [Worker-35: Launching mavenrun-3dec52c7-54d3-4034-aecc-fd1af659106f] INFO  o.eclipse.m2e.core.internal.Bundles - 	Entry: C:\Users\Admin\.p2\pool\plugins\org.eclipse.m2e.maven.runtime_3.9.700.20240602-2313\jars\maven-resolver-transport-wagon-1.9.20.jar
2026-04-10 11:44:48,365 [Worker-35: Launching mavenrun-3dec52c7-54d3-4034-aecc-fd1af659106f] INFO  o.eclipse.m2e.core.internal.Bundles - 	Entry: C:\Users\Admin\.p2\pool\plugins\org.eclipse.m2e.maven.runtime_3.9.700.20240602-2313\jars\maven-resolver-util-1.9.20.jar
2026-04-10 11:44:48,365 [Worker-35: Launching mavenrun-3dec52c7-54d3-4034-aecc-fd1af659106f] INFO  o.eclipse.m2e.core.internal.Bundles - 	Entry: C:\Users\Admin\.p2\pool\plugins\org.eclipse.m2e.maven.runtime_3.9.700.20240602-2313\jars\maven-settings-3.9.7.jar
2026-04-10 11:44:48,365 [Worker-35: Launching mavenrun-3dec52c7-54d3-4034-aecc-fd1af659106f] INFO  o.eclipse.m2e.core.internal.Bundles - 	Entry: C:\Users\Admin\.p2\pool\plugins\org.eclipse.m2e.maven.runtime_3.9.700.20240602-2313\jars\maven-settings-builder-3.9.7.jar
2026-04-10 11:44:48,365 [Worker-35: Launching mavenrun-3dec52c7-54d3-4034-aecc-fd1af659106f] INFO  o.eclipse.m2e.core.internal.Bundles - 	Entry: C:\Users\Admin\.p2\pool\plugins\org.eclipse.m2e.maven.runtime_3.9.700.20240602-2313\jars\maven-shared-utils-3.4.2.jar
2026-04-10 11:44:48,365 [Worker-35: Launching mavenrun-3dec52c7-54d3-4034-aecc-fd1af659106f] INFO  o.eclipse.m2e.core.internal.Bundles - 	Entry: C:\Users\Admin\.p2\pool\plugins\org.eclipse.m2e.maven.runtime_3.9.700.20240602-2313\jars\org.eclipse.sisu.inject-0.9.0.M2.jar
2026-04-10 11:44:48,366 [Worker-35: Launching mavenrun-3dec52c7-54d3-4034-aecc-fd1af659106f] INFO  o.eclipse.m2e.core.internal.Bundles - 	Entry: C:\Users\Admin\.p2\pool\plugins\org.eclipse.m2e.maven.runtime_3.9.700.20240602-2313\jars\org.eclipse.sisu.plexus-0.9.0.M2.jar
2026-04-10 11:44:48,366 [Worker-35: Launching mavenrun-3dec52c7-54d3-4034-aecc-fd1af659106f] INFO  o.eclipse.m2e.core.internal.Bundles - 	Entry: C:\Users\Admin\.p2\pool\plugins\org.eclipse.m2e.maven.runtime_3.9.700.20240602-2313\jars\plexus-build-api-0.0.7.jar
2026-04-10 11:44:48,366 [Worker-35: Launching mavenrun-3dec52c7-54d3-4034-aecc-fd1af659106f] INFO  o.eclipse.m2e.core.internal.Bundles - 	Entry: C:\Users\Admin\.p2\pool\plugins\org.eclipse.m2e.maven.runtime_3.9.700.20240602-2313\jars\plexus-build-api-1.2.0.jar
2026-04-10 11:44:48,366 [Worker-35: Launching mavenrun-3dec52c7-54d3-4034-aecc-fd1af659106f] INFO  o.eclipse.m2e.core.internal.Bundles - 	Entry: C:\Users\Admin\.p2\pool\plugins\org.eclipse.m2e.maven.runtime_3.9.700.20240602-2313\jars\plexus-cipher-2.0.jar
2026-04-10 11:44:48,366 [Worker-35: Launching mavenrun-3dec52c7-54d3-4034-aecc-fd1af659106f] INFO  o.eclipse.m2e.core.internal.Bundles - 	Entry: C:\Users\Admin\.p2\pool\plugins\org.eclipse.m2e.maven.runtime_3.9.700.20240602-2313\jars\plexus-classworlds-2.8.0.jar
2026-04-10 11:44:48,366 [Worker-35: Launching mavenrun-3dec52c7-54d3-4034-aecc-fd1af659106f] INFO  o.eclipse.m2e.core.internal.Bundles - 	Entry: C:\Users\Admin\.p2\pool\plugins\org.eclipse.m2e.maven.runtime_3.9.700.20240602-2313\jars\plexus-component-annotations-2.1.0.jar
2026-04-10 11:44:48,366 [Worker-35: Launching mavenrun-3dec52c7-54d3-4034-aecc-fd1af659106f] INFO  o.eclipse.m2e.core.internal.Bundles - 	Entry: C:\Users\Admin\.p2\pool\plugins\org.eclipse.m2e.maven.runtime_3.9.700.20240602-2313\jars\plexus-interpolation-1.27.jar
2026-04-10 11:44:48,366 [Worker-35: Launching mavenrun-3dec52c7-54d3-4034-aecc-fd1af659106f] INFO  o.eclipse.m2e.core.internal.Bundles - 	Entry: C:\Users\Admin\.p2\pool\plugins\org.eclipse.m2e.maven.runtime_3.9.700.20240602-2313\jars\plexus-sec-dispatcher-2.0.jar
2026-04-10 11:44:48,367 [Worker-35: Launching mavenrun-3dec52c7-54d3-4034-aecc-fd1af659106f] INFO  o.eclipse.m2e.core.internal.Bundles - 	Entry: C:\Users\Admin\.p2\pool\plugins\org.eclipse.m2e.maven.runtime_3.9.700.20240602-2313\jars\plexus-utils-3.5.1.jar
2026-04-10 11:44:48,367 [Worker-35: Launching mavenrun-3dec52c7-54d3-4034-aecc-fd1af659106f] INFO  o.eclipse.m2e.core.internal.Bundles - 	Entry: C:\Users\Admin\.p2\pool\plugins\org.eclipse.m2e.maven.runtime_3.9.700.20240602-2313\jars\wagon-file-3.5.3.jar
2026-04-10 11:44:48,367 [Worker-35: Launching mavenrun-3dec52c7-54d3-4034-aecc-fd1af659106f] INFO  o.eclipse.m2e.core.internal.Bundles - 	Entry: C:\Users\Admin\.p2\pool\plugins\org.eclipse.m2e.maven.runtime_3.9.700.20240602-2313\jars\wagon-http-3.5.3.jar
2026-04-10 11:44:48,367 [Worker-35: Launching mavenrun-3dec52c7-54d3-4034-aecc-fd1af659106f] INFO  o.eclipse.m2e.core.internal.Bundles - 	Entry: C:\Users\Admin\.p2\pool\plugins\org.eclipse.m2e.maven.runtime_3.9.700.20240602-2313\jars\wagon-http-shared-3.5.3.jar
2026-04-10 11:44:48,367 [Worker-35: Launching mavenrun-3dec52c7-54d3-4034-aecc-fd1af659106f] INFO  o.eclipse.m2e.core.internal.Bundles - 	Entry: C:\Users\Admin\.p2\pool\plugins\org.eclipse.m2e.maven.runtime_3.9.700.20240602-2313\jars\wagon-provider-api-3.5.3.jar
2026-04-10 11:44:48,368 [Worker-35: Launching mavenrun-3dec52c7-54d3-4034-aecc-fd1af659106f] INFO  o.eclipse.m2e.core.internal.Bundles - getClasspathEntries(Bundle=com.google.guava_33.4.8.jre [1147])
2026-04-10 11:44:48,369 [Worker-35: Launching mavenrun-3dec52c7-54d3-4034-aecc-fd1af659106f] INFO  o.eclipse.m2e.core.internal.Bundles - 	Entry: C:\Users\Admin\.p2\pool\plugins\com.google.guava_33.4.8.jre.jar
2026-04-10 11:44:48,369 [Worker-35: Launching mavenrun-3dec52c7-54d3-4034-aecc-fd1af659106f] INFO  o.eclipse.m2e.core.internal.Bundles - getClasspathEntries(Bundle=slf4j.api_2.0.17 [1007])
2026-04-10 11:44:48,369 [Worker-35: Launching mavenrun-3dec52c7-54d3-4034-aecc-fd1af659106f] INFO  o.eclipse.m2e.core.internal.Bundles - 	Entry: C:\Users\Admin\.p2\pool\plugins\slf4j.api_2.0.17.jar
2026-04-10 11:44:48,369 [Worker-35: Launching mavenrun-3dec52c7-54d3-4034-aecc-fd1af659106f] INFO  o.eclipse.m2e.core.internal.Bundles - getClasspathEntries(Bundle=javax.inject_1.0.0.v20091030 [1223])
2026-04-10 11:44:48,369 [Worker-35: Launching mavenrun-3dec52c7-54d3-4034-aecc-fd1af659106f] INFO  o.eclipse.m2e.core.internal.Bundles - 	Entry: C:\Users\Admin\.p2\pool\plugins\javax.inject_1.0.0.v20091030.jar
2026-04-10 11:44:48,369 [Worker-35: Launching mavenrun-3dec52c7-54d3-4034-aecc-fd1af659106f] INFO  o.eclipse.m2e.core.internal.Bundles - getClasspathEntries(Bundle=javax.annotation_1.3.5.v20200909-1856 [44])
2026-04-10 11:44:48,369 [Worker-35: Launching mavenrun-3dec52c7-54d3-4034-aecc-fd1af659106f] INFO  o.eclipse.m2e.core.internal.Bundles - 	Entry: C:\Users\Admin\.p2\pool\plugins\javax.annotation_1.3.5.v20200909-1856.jar
2026-04-10 11:44:48,369 [Worker-35: Launching mavenrun-3dec52c7-54d3-4034-aecc-fd1af659106f] INFO  o.eclipse.m2e.core.internal.Bundles - getClasspathEntries(Bundle=org.apache.commons.cli_1.9.0 [1161])
2026-04-10 11:44:48,370 [Worker-35: Launching mavenrun-3dec52c7-54d3-4034-aecc-fd1af659106f] INFO  o.eclipse.m2e.core.internal.Bundles - 	Entry: C:\Users\Admin\.p2\pool\plugins\org.apache.commons.cli_1.9.0.jar
2026-04-10 11:44:48,370 [Worker-35: Launching mavenrun-3dec52c7-54d3-4034-aecc-fd1af659106f] INFO  o.eclipse.m2e.core.internal.Bundles - getClasspathEntries(Bundle=org.apache.commons.commons-codec_1.16.0 [81])
2026-04-10 11:44:48,370 [Worker-35: Launching mavenrun-3dec52c7-54d3-4034-aecc-fd1af659106f] INFO  o.eclipse.m2e.core.internal.Bundles - 	Entry: C:\Users\Admin\.p2\pool\plugins\org.apache.commons.commons-codec_1.16.0.jar
2026-04-10 11:44:48,370 [Worker-35: Launching mavenrun-3dec52c7-54d3-4034-aecc-fd1af659106f] INFO  o.eclipse.m2e.core.internal.Bundles - getClasspathEntries(Bundle=org.apache.commons.lang3_3.17.0 [1064])
2026-04-10 11:44:48,370 [Worker-35: Launching mavenrun-3dec52c7-54d3-4034-aecc-fd1af659106f] INFO  o.eclipse.m2e.core.internal.Bundles - 	Entry: C:\Users\Admin\.p2\pool\plugins\org.apache.commons.lang3_3.17.0.jar
2026-04-10 11:44:48,370 [Worker-35: Launching mavenrun-3dec52c7-54d3-4034-aecc-fd1af659106f] INFO  o.eclipse.m2e.core.internal.Bundles - getClasspathEntries(Bundle=com.google.guava.failureaccess_1.0.3 [1148])
2026-04-10 11:44:48,371 [Worker-35: Launching mavenrun-3dec52c7-54d3-4034-aecc-fd1af659106f] INFO  o.eclipse.m2e.core.internal.Bundles - 	Entry: C:\Users\Admin\.p2\pool\plugins\com.google.guava.failureaccess_1.0.3.jar
2026-04-10 11:44:48,374 [Worker-35: Launching mavenrun-3dec52c7-54d3-4034-aecc-fd1af659106f] INFO  o.e.m.i.launch.MavenLaunchDelegate - Run build in "C:\Users\Admin\AppData\Local\Temp\m2e-archetypeGenerator6572669283400419137":
2026-04-10 11:44:48,376 [Worker-35: Launching mavenrun-3dec52c7-54d3-4034-aecc-fd1af659106f] INFO  o.e.m.i.launch.MavenLaunchDelegate -  mvn  -DarchetypeGroupId=org.apache.maven.archetypes -DarchetypeArtifactId=maven-archetype-quickstart -DarchetypeVersion=1.1 -DgroupId=com.selenium -DartifactId=Selenium_Learning -Dversion=0.0.1-SNAPSHOT -Dpackage=com.selenium -DoutputDirectory="C:\Users\Admin\Automation MWF 9-30 to 11-00" -Dstyle.color=always -U archetype:generate
2026-04-10 11:50:45,333 [Worker-34: Creating maven-archetype-quickstart] INFO  o.e.m.c.i.p.ProjectConfigurationManager - Collecting project info '/pom.xml' C:\Users\Admin\Automation MWF 9-30 to 11-00\Selenium_Learning\pom.xml
2026-04-10 11:50:46,082 [Worker-34: Creating maven-archetype-quickstart] INFO  o.e.m.c.i.l.LifecycleMappingFactory - Using org.eclipse.m2e.jdt.JarLifecycleMapping lifecycle mapping for MavenProject: com.selenium:Selenium_Learning:0.0.1-SNAPSHOT @ C:\Users\Admin\Automation MWF 9-30 to 11-00\Selenium_Learning\pom.xml.
2026-04-10 11:50:46,918 [Worker-34: Creating maven-archetype-quickstart] INFO  o.e.m.j.i.AbstractJavaProjectConfigurator - Adding source folder /Selenium_Learning/src/main/java
2026-04-10 11:50:46,920 [Worker-34: Creating maven-archetype-quickstart] INFO  o.e.m.j.i.AbstractJavaProjectConfigurator - Adding resource folder /Selenium_Learning/src/main/resources
2026-04-10 11:50:46,925 [Worker-34: Creating maven-archetype-quickstart] INFO  o.e.m.j.i.AbstractJavaProjectConfigurator - Adding source folder /Selenium_Learning/src/test/java
2026-04-10 11:50:46,926 [Worker-34: Creating maven-archetype-quickstart] INFO  o.e.m.j.i.AbstractJavaProjectConfigurator - Adding resource folder /Selenium_Learning/src/test/resources
2026-04-10 11:50:47,051 [Worker-34: Creating maven-archetype-quickstart] INFO  o.e.m.c.i.p.ProjectConfigurationManager - Imported and configured 1 project(s) in 1 sec
2026-04-10 11:50:48,048 [Worker-36: Building] INFO  o.a.m.s.f.DefaultMavenResourcesFiltering - skip non existing resourceDirectory C:\Users\Admin\Automation MWF 9-30 to 11-00\Selenium_Learning\src\main\resources
2026-04-10 11:50:48,052 [Worker-36: Building] INFO  o.a.m.s.f.DefaultMavenResourcesFiltering - skip non existing resourceDirectory C:\Users\Admin\Automation MWF 9-30 to 11-00\Selenium_Learning\src\test\resources
2026-04-10 11:53:16,482 [Worker-37: Building] INFO  o.e.m.c.i.l.LifecycleMappingFactory - Using org.eclipse.m2e.jdt.JarLifecycleMapping lifecycle mapping for MavenProject: com.selenium:Selenium_Learning:0.0.1-SNAPSHOT @ C:\Users\Admin\Automation MWF 9-30 to 11-00\Selenium_Learning\pom.xml.
2026-04-10 11:53:16,586 [Worker-37: Building] INFO  o.a.m.s.f.DefaultMavenResourcesFiltering - skip non existing resourceDirectory C:\Users\Admin\Automation MWF 9-30 to 11-00\Selenium_Learning\src\main\resources
2026-04-10 11:53:16,589 [Worker-37: Building] INFO  o.a.m.s.f.DefaultMavenResourcesFiltering - skip non existing resourceDirectory C:\Users\Admin\Automation MWF 9-30 to 11-00\Selenium_Learning\src\test\resources
2026-04-10 11:53:21,503 [Worker-34: Building] INFO  o.e.m.c.i.l.LifecycleMappingFactory - Using org.eclipse.m2e.jdt.JarLifecycleMapping lifecycle mapping for MavenProject: com.selenium:Selenium_Learning:0.0.1-SNAPSHOT @ C:\Users\Admin\Automation MWF 9-30 to 11-00\Selenium_Learning\pom.xml.
2026-04-10 11:53:21,584 [Worker-34: Building] INFO  o.a.m.s.f.DefaultMavenResourcesFiltering - skip non existing resourceDirectory C:\Users\Admin\Automation MWF 9-30 to 11-00\Selenium_Learning\src\main\resources
2026-04-10 11:53:21,586 [Worker-34: Building] INFO  o.a.m.s.f.DefaultMavenResourcesFiltering - skip non existing resourceDirectory C:\Users\Admin\Automation MWF 9-30 to 11-00\Selenium_Learning\src\test\resources
2026-04-10 11:56:18,013 [Worker-39: Building] INFO  o.e.m.c.i.l.LifecycleMappingFactory - Using org.eclipse.m2e.jdt.JarLifecycleMapping lifecycle mapping for MavenProject: com.selenium:Selenium_Learning:0.0.1-SNAPSHOT @ C:\Users\Admin\Automation MWF 9-30 to 11-00\Selenium_Learning\pom.xml.
2026-04-10 11:56:18,110 [Worker-39: Building] INFO  o.e.m.c.i.e.AbstractTransferListenerAdapter - Downloading https://repo.maven.apache.org/maven2/org/seleniumhq/selenium/selenium-java/4.41.0/selenium-java-4.41.0.pom
2026-04-10 11:56:18,120 [Worker-39: Building] INFO  o.e.m.c.i.e.AbstractTransferListenerAdapter - Downloaded https://repo.maven.apache.org/maven2/org/seleniumhq/selenium/selenium-java/4.41.0/selenium-java-4.41.0.pom
2026-04-10 11:56:18,153 [Worker-39: Building] INFO  o.e.m.c.i.e.AbstractTransferListenerAdapter - Downloading https://repo.maven.apache.org/maven2/org/seleniumhq/selenium/selenium-chrome-driver/4.41.0/selenium-chrome-driver-4.41.0.pom
2026-04-10 11:56:18,156 [Worker-39: Building] INFO  o.e.m.c.i.e.AbstractTransferListenerAdapter - Downloaded https://repo.maven.apache.org/maven2/org/seleniumhq/selenium/selenium-chrome-driver/4.41.0/selenium-chrome-driver-4.41.0.pom
2026-04-10 11:56:18,189 [Worker-39: Building] INFO  o.e.m.c.i.e.AbstractTransferListenerAdapter - Downloading https://repo.maven.apache.org/maven2/org/seleniumhq/selenium/selenium-chromium-driver/4.41.0/selenium-chromium-driver-4.41.0.pom
2026-04-10 11:56:18,192 [Worker-39: Building] INFO  o.e.m.c.i.e.AbstractTransferListenerAdapter - Downloaded https://repo.maven.apache.org/maven2/org/seleniumhq/selenium/selenium-chromium-driver/4.41.0/selenium-chromium-driver-4.41.0.pom
2026-04-10 11:56:18,264 [Worker-39: Building] INFO  o.e.m.c.i.e.AbstractTransferListenerAdapter - Downloading https://repo.maven.apache.org/maven2/org/seleniumhq/selenium/selenium-devtools-v143/4.41.0/selenium-devtools-v143-4.41.0.pom
2026-04-10 11:56:18,268 [Worker-39: Building] INFO  o.e.m.c.i.e.AbstractTransferListenerAdapter - Downloaded https://repo.maven.apache.org/maven2/org/seleniumhq/selenium/selenium-devtools-v143/4.41.0/selenium-devtools-v143-4.41.0.pom
2026-04-10 11:56:18,296 [Worker-39: Building] INFO  o.e.m.c.i.e.AbstractTransferListenerAdapter - Downloading https://repo.maven.apache.org/maven2/org/seleniumhq/selenium/selenium-devtools-v144/4.41.0/selenium-devtools-v144-4.41.0.pom
2026-04-10 11:56:18,298 [Worker-39: Building] INFO  o.e.m.c.i.e.AbstractTransferListenerAdapter - Downloaded https://repo.maven.apache.org/maven2/org/seleniumhq/selenium/selenium-devtools-v144/4.41.0/selenium-devtools-v144-4.41.0.pom
2026-04-10 11:56:18,327 [Worker-39: Building] INFO  o.e.m.c.i.e.AbstractTransferListenerAdapter - Downloading https://repo.maven.apache.org/maven2/org/seleniumhq/selenium/selenium-devtools-v145/4.41.0/selenium-devtools-v145-4.41.0.pom
2026-04-10 11:56:18,331 [Worker-39: Building] INFO  o.e.m.c.i.e.AbstractTransferListenerAdapter - Downloaded https://repo.maven.apache.org/maven2/org/seleniumhq/selenium/selenium-devtools-v145/4.41.0/selenium-devtools-v145-4.41.0.pom
2026-04-10 11:56:18,358 [Worker-39: Building] INFO  o.e.m.c.i.e.AbstractTransferListenerAdapter - Downloading https://repo.maven.apache.org/maven2/org/seleniumhq/selenium/selenium-edge-driver/4.41.0/selenium-edge-driver-4.41.0.pom
2026-04-10 11:56:18,362 [Worker-39: Building] INFO  o.e.m.c.i.e.AbstractTransferListenerAdapter - Downloaded https://repo.maven.apache.org/maven2/org/seleniumhq/selenium/selenium-edge-driver/4.41.0/selenium-edge-driver-4.41.0.pom
2026-04-10 11:56:18,391 [Worker-39: Building] INFO  o.e.m.c.i.e.AbstractTransferListenerAdapter - Downloading https://repo.maven.apache.org/maven2/org/seleniumhq/selenium/selenium-firefox-driver/4.41.0/selenium-firefox-driver-4.41.0.pom
2026-04-10 11:56:18,396 [Worker-39: Building] INFO  o.e.m.c.i.e.AbstractTransferListenerAdapter - Downloaded https://repo.maven.apache.org/maven2/org/seleniumhq/selenium/selenium-firefox-driver/4.41.0/selenium-firefox-driver-4.41.0.pom
2026-04-10 11:56:18,424 [Worker-39: Building] INFO  o.e.m.c.i.e.AbstractTransferListenerAdapter - Downloading https://repo.maven.apache.org/maven2/org/seleniumhq/selenium/selenium-ie-driver/4.41.0/selenium-ie-driver-4.41.0.pom
2026-04-10 11:56:18,427 [Worker-39: Building] INFO  o.e.m.c.i.e.AbstractTransferListenerAdapter - Downloaded https://repo.maven.apache.org/maven2/org/seleniumhq/selenium/selenium-ie-driver/4.41.0/selenium-ie-driver-4.41.0.pom
2026-04-10 11:56:18,458 [Worker-39: Building] INFO  o.e.m.c.i.e.AbstractTransferListenerAdapter - Downloading https://repo.maven.apache.org/maven2/org/seleniumhq/selenium/selenium-safari-driver/4.41.0/selenium-safari-driver-4.41.0.pom
2026-04-10 11:56:18,472 [Worker-39: Building] INFO  o.e.m.c.i.e.AbstractTransferListenerAdapter - Downloaded https://repo.maven.apache.org/maven2/org/seleniumhq/selenium/selenium-safari-driver/4.41.0/selenium-safari-driver-4.41.0.pom
2026-04-10 11:56:18,547 [Worker-39: Building] INFO  o.e.m.c.i.e.AbstractTransferListenerAdapter - Downloading https://repo.maven.apache.org/maven2/org/seleniumhq/selenium/selenium-java/4.41.0/selenium-java-4.41.0.jar
2026-04-10 11:56:18,550 [Worker-39: Building] INFO  o.e.m.c.i.e.AbstractTransferListenerAdapter - Downloaded https://repo.maven.apache.org/maven2/org/seleniumhq/selenium/selenium-java/4.41.0/selenium-java-4.41.0.jar
2026-04-10 11:56:18,576 [BasicRepositoryConnector-repo.maven.apache.org-0-1] INFO  o.e.m.c.i.e.AbstractTransferListenerAdapter - Downloading https://repo.maven.apache.org/maven2/org/seleniumhq/selenium/selenium-chromium-driver/4.41.0/selenium-chromium-driver-4.41.0.jar
2026-04-10 11:56:18,595 [BasicRepositoryConnector-repo.maven.apache.org-0-1] INFO  o.e.m.c.i.e.AbstractTransferListenerAdapter - Downloaded https://repo.maven.apache.org/maven2/org/seleniumhq/selenium/selenium-chromium-driver/4.41.0/selenium-chromium-driver-4.41.0.jar
2026-04-10 11:56:18,611 [BasicRepositoryConnector-repo.maven.apache.org-0-2] INFO  o.e.m.c.i.e.AbstractTransferListenerAdapter - Downloading https://repo.maven.apache.org/maven2/org/seleniumhq/selenium/selenium-devtools-v143/4.41.0/selenium-devtools-v143-4.41.0.jar
2026-04-10 11:56:18,616 [BasicRepositoryConnector-repo.maven.apache.org-0-1] INFO  o.e.m.c.i.e.AbstractTransferListenerAdapter - Downloading https://repo.maven.apache.org/maven2/org/seleniumhq/selenium/selenium-edge-driver/4.41.0/selenium-edge-driver-4.41.0.jar
2026-04-10 11:56:18,620 [BasicRepositoryConnector-repo.maven.apache.org-0-1] INFO  o.e.m.c.i.e.AbstractTransferListenerAdapter - Downloaded https://repo.maven.apache.org/maven2/org/seleniumhq/selenium/selenium-edge-driver/4.41.0/selenium-edge-driver-4.41.0.jar
2026-04-10 11:56:18,630 [BasicRepositoryConnector-repo.maven.apache.org-0-3] INFO  o.e.m.c.i.e.AbstractTransferListenerAdapter - Downloading https://repo.maven.apache.org/maven2/org/seleniumhq/selenium/selenium-devtools-v144/4.41.0/selenium-devtools-v144-4.41.0.jar
2026-04-10 11:56:18,633 [BasicRepositoryConnector-repo.maven.apache.org-0-4] INFO  o.e.m.c.i.e.AbstractTransferListenerAdapter - Downloading https://repo.maven.apache.org/maven2/org/seleniumhq/selenium/selenium-devtools-v145/4.41.0/selenium-devtools-v145-4.41.0.jar
2026-04-10 11:56:18,645 [BasicRepositoryConnector-repo.maven.apache.org-0-1] INFO  o.e.m.c.i.e.AbstractTransferListenerAdapter - Downloading https://repo.maven.apache.org/maven2/org/seleniumhq/selenium/selenium-firefox-driver/4.41.0/selenium-firefox-driver-4.41.0.jar
2026-04-10 11:56:18,661 [BasicRepositoryConnector-repo.maven.apache.org-0-0] INFO  o.e.m.c.i.e.AbstractTransferListenerAdapter - Downloading https://repo.maven.apache.org/maven2/org/seleniumhq/selenium/selenium-chrome-driver/4.41.0/selenium-chrome-driver-4.41.0.jar
2026-04-10 11:56:18,663 [BasicRepositoryConnector-repo.maven.apache.org-0-1] INFO  o.e.m.c.i.e.AbstractTransferListenerAdapter - Downloaded https://repo.maven.apache.org/maven2/org/seleniumhq/selenium/selenium-firefox-driver/4.41.0/selenium-firefox-driver-4.41.0.jar
2026-04-10 11:56:18,666 [BasicRepositoryConnector-repo.maven.apache.org-0-0] INFO  o.e.m.c.i.e.AbstractTransferListenerAdapter - Downloaded https://repo.maven.apache.org/maven2/org/seleniumhq/selenium/selenium-chrome-driver/4.41.0/selenium-chrome-driver-4.41.0.jar
2026-04-10 11:56:18,707 [BasicRepositoryConnector-repo.maven.apache.org-0-1] INFO  o.e.m.c.i.e.AbstractTransferListenerAdapter - Downloading https://repo.maven.apache.org/maven2/org/seleniumhq/selenium/selenium-ie-driver/4.41.0/selenium-ie-driver-4.41.0.jar
2026-04-10 11:56:18,713 [BasicRepositoryConnector-repo.maven.apache.org-0-1] INFO  o.e.m.c.i.e.AbstractTransferListenerAdapter - Downloaded https://repo.maven.apache.org/maven2/org/seleniumhq/selenium/selenium-ie-driver/4.41.0/selenium-ie-driver-4.41.0.jar
2026-04-10 11:56:18,841 [BasicRepositoryConnector-repo.maven.apache.org-0-0] INFO  o.e.m.c.i.e.AbstractTransferListenerAdapter - Downloading https://repo.maven.apache.org/maven2/org/seleniumhq/selenium/selenium-safari-driver/4.41.0/selenium-safari-driver-4.41.0.jar
2026-04-10 11:56:18,884 [BasicRepositoryConnector-repo.maven.apache.org-0-2] INFO  o.e.m.c.i.e.AbstractTransferListenerAdapter - Downloaded https://repo.maven.apache.org/maven2/org/seleniumhq/selenium/selenium-devtools-v143/4.41.0/selenium-devtools-v143-4.41.0.jar
2026-04-10 11:56:18,915 [BasicRepositoryConnector-repo.maven.apache.org-0-0] INFO  o.e.m.c.i.e.AbstractTransferListenerAdapter - Downloaded https://repo.maven.apache.org/maven2/org/seleniumhq/selenium/selenium-safari-driver/4.41.0/selenium-safari-driver-4.41.0.jar
2026-04-10 11:56:19,093 [BasicRepositoryConnector-repo.maven.apache.org-0-4] INFO  o.e.m.c.i.e.AbstractTransferListenerAdapter - Downloaded https://repo.maven.apache.org/maven2/org/seleniumhq/selenium/selenium-devtools-v145/4.41.0/selenium-devtools-v145-4.41.0.jar
2026-04-10 11:56:19,110 [BasicRepositoryConnector-repo.maven.apache.org-0-3] INFO  o.e.m.c.i.e.AbstractTransferListenerAdapter - Downloaded https://repo.maven.apache.org/maven2/org/seleniumhq/selenium/selenium-devtools-v144/4.41.0/selenium-devtools-v144-4.41.0.jar
2026-04-10 11:56:19,277 [Worker-39: Building] INFO  o.a.m.s.f.DefaultMavenResourcesFiltering - skip non existing resourceDirectory C:\Users\Admin\Automation MWF 9-30 to 11-00\Selenium_Learning\src\main\resources
2026-04-10 11:56:19,280 [Worker-39: Building] INFO  o.a.m.s.f.DefaultMavenResourcesFiltering - skip non existing resourceDirectory C:\Users\Admin\Automation MWF 9-30 to 11-00\Selenium_Learning\src\test\resources
2026-04-10 11:56:20,208 [Worker-42: Download sources and javadoc] INFO  o.e.m.c.i.e.AbstractTransferListenerAdapter - Downloading https://repo.maven.apache.org/maven2/org/seleniumhq/selenium/selenium-java/4.41.0/selenium-java-4.41.0-sources.jar
2026-04-10 11:56:20,211 [Worker-42: Download sources and javadoc] INFO  o.e.m.c.i.e.AbstractTransferListenerAdapter - Downloaded https://repo.maven.apache.org/maven2/org/seleniumhq/selenium/selenium-java/4.41.0/selenium-java-4.41.0-sources.jar
2026-04-10 11:56:20,213 [Worker-42: Download sources and javadoc] INFO  o.e.m.j.internal.DownloadSourcesJob - Downloaded sources for org.seleniumhq.selenium:selenium-java:4.41.0
2026-04-10 11:56:20,284 [Worker-42: Download sources and javadoc] INFO  o.e.m.c.i.e.AbstractTransferListenerAdapter - Downloading https://repo.maven.apache.org/maven2/org/seleniumhq/selenium/selenium-chrome-driver/4.41.0/selenium-chrome-driver-4.41.0-sources.jar
2026-04-10 11:56:20,298 [Worker-42: Download sources and javadoc] INFO  o.e.m.c.i.e.AbstractTransferListenerAdapter - Downloaded https://repo.maven.apache.org/maven2/org/seleniumhq/selenium/selenium-chrome-driver/4.41.0/selenium-chrome-driver-4.41.0-sources.jar
2026-04-10 11:56:20,306 [Worker-42: Download sources and javadoc] INFO  o.e.m.j.internal.DownloadSourcesJob - Downloaded sources for org.seleniumhq.selenium:selenium-chrome-driver:4.41.0
2026-04-10 11:56:20,374 [Worker-42: Download sources and javadoc] INFO  o.e.m.c.i.e.AbstractTransferListenerAdapter - Downloading https://repo.maven.apache.org/maven2/org/seleniumhq/selenium/selenium-chromium-driver/4.41.0/selenium-chromium-driver-4.41.0-sources.jar
2026-04-10 11:56:20,379 [Worker-42: Download sources and javadoc] INFO  o.e.m.c.i.e.AbstractTransferListenerAdapter - Downloaded https://repo.maven.apache.org/maven2/org/seleniumhq/selenium/selenium-chromium-driver/4.41.0/selenium-chromium-driver-4.41.0-sources.jar
2026-04-10 11:56:20,383 [Worker-42: Download sources and javadoc] INFO  o.e.m.j.internal.DownloadSourcesJob - Downloaded sources for org.seleniumhq.selenium:selenium-chromium-driver:4.41.0
2026-04-10 11:56:20,461 [Worker-42: Download sources and javadoc] INFO  o.e.m.c.i.e.AbstractTransferListenerAdapter - Downloading https://repo.maven.apache.org/maven2/org/seleniumhq/selenium/selenium-devtools-v143/4.41.0/selenium-devtools-v143-4.41.0-sources.jar
2026-04-10 11:56:20,559 [Worker-42: Download sources and javadoc] INFO  o.e.m.c.i.e.AbstractTransferListenerAdapter - Downloaded https://repo.maven.apache.org/maven2/org/seleniumhq/selenium/selenium-devtools-v143/4.41.0/selenium-devtools-v143-4.41.0-sources.jar
2026-04-10 11:56:20,562 [Worker-42: Download sources and javadoc] INFO  o.e.m.j.internal.DownloadSourcesJob - Downloaded sources for org.seleniumhq.selenium:selenium-devtools-v143:4.41.0
2026-04-10 11:56:20,623 [Worker-42: Download sources and javadoc] INFO  o.e.m.c.i.e.AbstractTransferListenerAdapter - Downloading https://repo.maven.apache.org/maven2/org/seleniumhq/selenium/selenium-devtools-v144/4.41.0/selenium-devtools-v144-4.41.0-sources.jar
2026-04-10 11:56:20,679 [Worker-40: Building] INFO  o.a.m.s.f.DefaultMavenResourcesFiltering - skip non existing resourceDirectory C:\Users\Admin\Automation MWF 9-30 to 11-00\Selenium_Learning\src\main\resources
2026-04-10 11:56:20,680 [Worker-40: Building] INFO  o.a.m.s.f.DefaultMavenResourcesFiltering - skip non existing resourceDirectory C:\Users\Admin\Automation MWF 9-30 to 11-00\Selenium_Learning\src\test\resources
2026-04-10 11:56:20,711 [Worker-42: Download sources and javadoc] INFO  o.e.m.c.i.e.AbstractTransferListenerAdapter - Downloaded https://repo.maven.apache.org/maven2/org/seleniumhq/selenium/selenium-devtools-v144/4.41.0/selenium-devtools-v144-4.41.0-sources.jar
2026-04-10 11:56:20,713 [Worker-42: Download sources and javadoc] INFO  o.e.m.j.internal.DownloadSourcesJob - Downloaded sources for org.seleniumhq.selenium:selenium-devtools-v144:4.41.0
2026-04-10 11:56:20,790 [Worker-42: Download sources and javadoc] INFO  o.e.m.c.i.e.AbstractTransferListenerAdapter - Downloading https://repo.maven.apache.org/maven2/org/seleniumhq/selenium/selenium-devtools-v145/4.41.0/selenium-devtools-v145-4.41.0-sources.jar
2026-04-10 11:56:20,886 [Worker-42: Download sources and javadoc] INFO  o.e.m.c.i.e.AbstractTransferListenerAdapter - Downloaded https://repo.maven.apache.org/maven2/org/seleniumhq/selenium/selenium-devtools-v145/4.41.0/selenium-devtools-v145-4.41.0-sources.jar
2026-04-10 11:56:20,889 [Worker-42: Download sources and javadoc] INFO  o.e.m.j.internal.DownloadSourcesJob - Downloaded sources for org.seleniumhq.selenium:selenium-devtools-v145:4.41.0
2026-04-10 11:56:20,945 [Worker-42: Download sources and javadoc] INFO  o.e.m.c.i.e.AbstractTransferListenerAdapter - Downloading https://repo.maven.apache.org/maven2/org/seleniumhq/selenium/selenium-edge-driver/4.41.0/selenium-edge-driver-4.41.0-sources.jar
2026-04-10 11:56:20,948 [Worker-42: Download sources and javadoc] INFO  o.e.m.c.i.e.AbstractTransferListenerAdapter - Downloaded https://repo.maven.apache.org/maven2/org/seleniumhq/selenium/selenium-edge-driver/4.41.0/selenium-edge-driver-4.41.0-sources.jar
2026-04-10 11:56:20,950 [Worker-42: Download sources and javadoc] INFO  o.e.m.j.internal.DownloadSourcesJob - Downloaded sources for org.seleniumhq.selenium:selenium-edge-driver:4.41.0
2026-04-10 11:56:21,020 [Worker-42: Download sources and javadoc] INFO  o.e.m.c.i.e.AbstractTransferListenerAdapter - Downloading https://repo.maven.apache.org/maven2/org/seleniumhq/selenium/selenium-firefox-driver/4.41.0/selenium-firefox-driver-4.41.0-sources.jar
2026-04-10 11:56:21,040 [Worker-42: Download sources and javadoc] INFO  o.e.m.c.i.e.AbstractTransferListenerAdapter - Downloaded https://repo.maven.apache.org/maven2/org/seleniumhq/selenium/selenium-firefox-driver/4.41.0/selenium-firefox-driver-4.41.0-sources.jar
2026-04-10 11:56:21,042 [Worker-42: Download sources and javadoc] INFO  o.e.m.j.internal.DownloadSourcesJob - Downloaded sources for org.seleniumhq.selenium:selenium-firefox-driver:4.41.0
2026-04-10 11:56:21,104 [Worker-42: Download sources and javadoc] INFO  o.e.m.c.i.e.AbstractTransferListenerAdapter - Downloading https://repo.maven.apache.org/maven2/org/seleniumhq/selenium/selenium-ie-driver/4.41.0/selenium-ie-driver-4.41.0-sources.jar
2026-04-10 11:56:21,107 [Worker-42: Download sources and javadoc] INFO  o.e.m.c.i.e.AbstractTransferListenerAdapter - Downloaded https://repo.maven.apache.org/maven2/org/seleniumhq/selenium/selenium-ie-driver/4.41.0/selenium-ie-driver-4.41.0-sources.jar
2026-04-10 11:56:21,109 [Worker-42: Download sources and javadoc] INFO  o.e.m.j.internal.DownloadSourcesJob - Downloaded sources for org.seleniumhq.selenium:selenium-ie-driver:4.41.0
2026-04-10 11:56:21,182 [Worker-42: Download sources and javadoc] INFO  o.e.m.c.i.e.AbstractTransferListenerAdapter - Downloading https://repo.maven.apache.org/maven2/org/seleniumhq/selenium/selenium-safari-driver/4.41.0/selenium-safari-driver-4.41.0-sources.jar
2026-04-10 11:56:21,186 [Worker-42: Download sources and javadoc] INFO  o.e.m.c.i.e.AbstractTransferListenerAdapter - Downloaded https://repo.maven.apache.org/maven2/org/seleniumhq/selenium/selenium-safari-driver/4.41.0/selenium-safari-driver-4.41.0-sources.jar
2026-04-10 11:56:21,189 [Worker-42: Download sources and javadoc] INFO  o.e.m.j.internal.DownloadSourcesJob - Downloaded sources for org.seleniumhq.selenium:selenium-safari-driver:4.41.0
2026-04-10 11:57:42,254 [Worker-31: Building] INFO  o.a.m.s.f.DefaultMavenResourcesFiltering - skip non existing resourceDirectory C:\Users\Admin\Automation MWF 9-30 to 11-00\Selenium_Learning\src\main\resources
2026-04-10 11:57:42,256 [Worker-31: Building] INFO  o.a.m.s.f.DefaultMavenResourcesFiltering - skip non existing resourceDirectory C:\Users\Admin\Automation MWF 9-30 to 11-00\Selenium_Learning\src\test\resources
2026-04-10 11:57:45,778 [Worker-42: Building] INFO  o.a.m.s.f.DefaultMavenResourcesFiltering - skip non existing resourceDirectory C:\Users\Admin\Automation MWF 9-30 to 11-00\Selenium_Learning\src\main\resources
2026-04-10 11:57:45,779 [Worker-42: Building] INFO  o.a.m.s.f.DefaultMavenResourcesFiltering - skip non existing resourceDirectory C:\Users\Admin\Automation MWF 9-30 to 11-00\Selenium_Learning\src\test\resources
2026-04-10 11:58:21,661 [Worker-39: Building] INFO  o.a.m.s.f.DefaultMavenResourcesFiltering - skip non existing resourceDirectory C:\Users\Admin\Automation MWF 9-30 to 11-00\Selenium_Learning\src\main\resources
2026-04-10 11:58:21,662 [Worker-39: Building] INFO  o.a.m.s.f.DefaultMavenResourcesFiltering - skip non existing resourceDirectory C:\Users\Admin\Automation MWF 9-30 to 11-00\Selenium_Learning\src\test\resources
2026-04-10 11:58:22,748 [Worker-40: Building] INFO  o.a.m.s.f.DefaultMavenResourcesFiltering - skip non existing resourceDirectory C:\Users\Admin\Automation MWF 9-30 to 11-00\Selenium_Learning\src\main\resources
2026-04-10 11:58:22,749 [Worker-40: Building] INFO  o.a.m.s.f.DefaultMavenResourcesFiltering - skip non existing resourceDirectory C:\Users\Admin\Automation MWF 9-30 to 11-00\Selenium_Learning\src\test\resources
2026-04-10 12:08:46,697 [Worker-47: Building] INFO  o.a.m.s.f.DefaultMavenResourcesFiltering - skip non existing resourceDirectory C:\Users\Admin\Automation MWF 9-30 to 11-00\Selenium_Learning\src\main\resources
2026-04-10 12:08:46,699 [Worker-47: Building] INFO  o.a.m.s.f.DefaultMavenResourcesFiltering - skip non existing resourceDirectory C:\Users\Admin\Automation MWF 9-30 to 11-00\Selenium_Learning\src\test\resources
2026-04-10 12:09:00,884 [Worker-46: Building] INFO  o.a.m.s.f.DefaultMavenResourcesFiltering - skip non existing resourceDirectory C:\Users\Admin\Automation MWF 9-30 to 11-00\Selenium_Learning\src\main\resources
2026-04-10 12:09:00,885 [Worker-46: Building] INFO  o.a.m.s.f.DefaultMavenResourcesFiltering - skip non existing resourceDirectory C:\Users\Admin\Automation MWF 9-30 to 11-00\Selenium_Learning\src\test\resources
2026-04-10 12:09:01,967 [Worker-46: Building] INFO  o.a.m.s.f.DefaultMavenResourcesFiltering - skip non existing resourceDirectory C:\Users\Admin\Automation MWF 9-30 to 11-00\Selenium_Learning\src\main\resources
2026-04-10 12:09:01,968 [Worker-46: Building] INFO  o.a.m.s.f.DefaultMavenResourcesFiltering - skip non existing resourceDirectory C:\Users\Admin\Automation MWF 9-30 to 11-00\Selenium_Learning\src\test\resources
2026-04-10 12:09:21,002 [Worker-46: Building] INFO  o.a.m.s.f.DefaultMavenResourcesFiltering - skip non existing resourceDirectory C:\Users\Admin\Automation MWF 9-30 to 11-00\Selenium_Learning\src\main\resources
2026-04-10 12:09:21,004 [Worker-46: Building] INFO  o.a.m.s.f.DefaultMavenResourcesFiltering - skip non existing resourceDirectory C:\Users\Admin\Automation MWF 9-30 to 11-00\Selenium_Learning\src\test\resources
2026-04-10 12:09:37,305 [Worker-44: Building] INFO  o.a.m.s.f.DefaultMavenResourcesFiltering - skip non existing resourceDirectory C:\Users\Admin\Automation MWF 9-30 to 11-00\Selenium_Learning\src\main\resources
2026-04-10 12:09:37,306 [Worker-44: Building] INFO  o.a.m.s.f.DefaultMavenResourcesFiltering - skip non existing resourceDirectory C:\Users\Admin\Automation MWF 9-30 to 11-00\Selenium_Learning\src\test\resources
2026-04-10 12:10:22,766 [Worker-44: Building] INFO  o.a.m.s.f.DefaultMavenResourcesFiltering - skip non existing resourceDirectory C:\Users\Admin\Automation MWF 9-30 to 11-00\Selenium_Learning\src\main\resources
2026-04-10 12:10:22,767 [Worker-44: Building] INFO  o.a.m.s.f.DefaultMavenResourcesFiltering - skip non existing resourceDirectory C:\Users\Admin\Automation MWF 9-30 to 11-00\Selenium_Learning\src\test\resources
2026-04-10 12:11:07,224 [Worker-48: Building] INFO  o.a.m.s.f.DefaultMavenResourcesFiltering - skip non existing resourceDirectory C:\Users\Admin\Automation MWF 9-30 to 11-00\Selenium_Learning\src\main\resources
2026-04-10 12:11:07,225 [Worker-48: Building] INFO  o.a.m.s.f.DefaultMavenResourcesFiltering - skip non existing resourceDirectory C:\Users\Admin\Automation MWF 9-30 to 11-00\Selenium_Learning\src\test\resources
2026-04-10 12:11:08,313 [Worker-48: Building] INFO  o.a.m.s.f.DefaultMavenResourcesFiltering - skip non existing resourceDirectory C:\Users\Admin\Automation MWF 9-30 to 11-00\Selenium_Learning\src\main\resources
2026-04-10 12:11:08,314 [Worker-48: Building] INFO  o.a.m.s.f.DefaultMavenResourcesFiltering - skip non existing resourceDirectory C:\Users\Admin\Automation MWF 9-30 to 11-00\Selenium_Learning\src\test\resources
2026-04-10 12:11:48,140 [Worker-45: Building] INFO  o.a.m.s.f.DefaultMavenResourcesFiltering - skip non existing resourceDirectory C:\Users\Admin\Automation MWF 9-30 to 11-00\Selenium_Learning\src\main\resources
2026-04-10 12:11:48,141 [Worker-45: Building] INFO  o.a.m.s.f.DefaultMavenResourcesFiltering - skip non existing resourceDirectory C:\Users\Admin\Automation MWF 9-30 to 11-00\Selenium_Learning\src\test\resources
2026-04-10 12:12:10,309 [Worker-48: Building] INFO  o.a.m.s.f.DefaultMavenResourcesFiltering - skip non existing resourceDirectory C:\Users\Admin\Automation MWF 9-30 to 11-00\Selenium_Learning\src\main\resources
2026-04-10 12:12:10,311 [Worker-48: Building] INFO  o.a.m.s.f.DefaultMavenResourcesFiltering - skip non existing resourceDirectory C:\Users\Admin\Automation MWF 9-30 to 11-00\Selenium_Learning\src\test\resources
2026-04-10 12:12:22,443 [Worker-44: Building] INFO  o.a.m.s.f.DefaultMavenResourcesFiltering - skip non existing resourceDirectory C:\Users\Admin\Automation MWF 9-30 to 11-00\Selenium_Learning\src\main\resources
2026-04-10 12:12:22,444 [Worker-44: Building] INFO  o.a.m.s.f.DefaultMavenResourcesFiltering - skip non existing resourceDirectory C:\Users\Admin\Automation MWF 9-30 to 11-00\Selenium_Learning\src\test\resources
2026-04-10 12:13:36,213 [Worker-31: Building] INFO  o.a.m.s.f.DefaultMavenResourcesFiltering - skip non existing resourceDirectory C:\Users\Admin\Automation MWF 9-30 to 11-00\Selenium_Learning\src\main\resources
2026-04-10 12:13:36,214 [Worker-31: Building] INFO  o.a.m.s.f.DefaultMavenResourcesFiltering - skip non existing resourceDirectory C:\Users\Admin\Automation MWF 9-30 to 11-00\Selenium_Learning\src\test\resources
2026-04-10 12:13:45,734 [Worker-47: Building] INFO  o.a.m.s.f.DefaultMavenResourcesFiltering - skip non existing resourceDirectory C:\Users\Admin\Automation MWF 9-30 to 11-00\Selenium_Learning\src\main\resources
2026-04-10 12:13:45,735 [Worker-47: Building] INFO  o.a.m.s.f.DefaultMavenResourcesFiltering - skip non existing resourceDirectory C:\Users\Admin\Automation MWF 9-30 to 11-00\Selenium_Learning\src\test\resources
2026-04-10 12:13:55,812 [Worker-47: Building] INFO  o.a.m.s.f.DefaultMavenResourcesFiltering - skip non existing resourceDirectory C:\Users\Admin\Automation MWF 9-30 to 11-00\Selenium_Learning\src\main\resources
2026-04-10 12:13:55,814 [Worker-47: Building] INFO  o.a.m.s.f.DefaultMavenResourcesFiltering - skip non existing resourceDirectory C:\Users\Admin\Automation MWF 9-30 to 11-00\Selenium_Learning\src\test\resources
2026-04-10 12:15:11,217 [Worker-48: Building] INFO  o.a.m.s.f.DefaultMavenResourcesFiltering - skip non existing resourceDirectory C:\Users\Admin\Automation MWF 9-30 to 11-00\Selenium_Learning\src\main\resources
2026-04-10 12:15:11,221 [Worker-48: Building] INFO  o.a.m.s.f.DefaultMavenResourcesFiltering - skip non existing resourceDirectory C:\Users\Admin\Automation MWF 9-30 to 11-00\Selenium_Learning\src\test\resources
2026-04-10 12:15:57,183 [Worker-50: Building] INFO  o.a.m.s.f.DefaultMavenResourcesFiltering - skip non existing resourceDirectory C:\Users\Admin\Automation MWF 9-30 to 11-00\Selenium_Learning\src\main\resources
2026-04-10 12:15:57,184 [Worker-50: Building] INFO  o.a.m.s.f.DefaultMavenResourcesFiltering - skip non existing resourceDirectory C:\Users\Admin\Automation MWF 9-30 to 11-00\Selenium_Learning\src\test\resources
2026-04-10 12:16:47,875 [Worker-50: Building] INFO  o.a.m.s.f.DefaultMavenResourcesFiltering - skip non existing resourceDirectory C:\Users\Admin\Automation MWF 9-30 to 11-00\Selenium_Learning\src\main\resources
2026-04-10 12:16:47,876 [Worker-50: Building] INFO  o.a.m.s.f.DefaultMavenResourcesFiltering - skip non existing resourceDirectory C:\Users\Admin\Automation MWF 9-30 to 11-00\Selenium_Learning\src\test\resources
2026-04-10 12:16:52,881 [Worker-49: Building] INFO  o.a.m.s.f.DefaultMavenResourcesFiltering - skip non existing resourceDirectory C:\Users\Admin\Automation MWF 9-30 to 11-00\Selenium_Learning\src\main\resources
2026-04-10 12:16:52,882 [Worker-49: Building] INFO  o.a.m.s.f.DefaultMavenResourcesFiltering - skip non existing resourceDirectory C:\Users\Admin\Automation MWF 9-30 to 11-00\Selenium_Learning\src\test\resources
2026-04-10 12:18:13,056 [Worker-31: Building] INFO  o.a.m.s.f.DefaultMavenResourcesFiltering - skip non existing resourceDirectory C:\Users\Admin\Automation MWF 9-30 to 11-00\Selenium_Learning\src\main\resources
2026-04-10 12:18:13,059 [Worker-31: Building] INFO  o.a.m.s.f.DefaultMavenResourcesFiltering - skip non existing resourceDirectory C:\Users\Admin\Automation MWF 9-30 to 11-00\Selenium_Learning\src\test\resources
2026-04-10 12:18:45,345 [Worker-51: Building] INFO  o.a.m.s.f.DefaultMavenResourcesFiltering - skip non existing resourceDirectory C:\Users\Admin\Automation MWF 9-30 to 11-00\Selenium_Learning\src\main\resources
2026-04-10 12:18:45,346 [Worker-51: Building] INFO  o.a.m.s.f.DefaultMavenResourcesFiltering - skip non existing resourceDirectory C:\Users\Admin\Automation MWF 9-30 to 11-00\Selenium_Learning\src\test\resources
2026-04-10 12:19:01,971 [Worker-50: Building] INFO  o.a.m.s.f.DefaultMavenResourcesFiltering - skip non existing resourceDirectory C:\Users\Admin\Automation MWF 9-30 to 11-00\Selenium_Learning\src\main\resources
2026-04-10 12:19:01,972 [Worker-50: Building] INFO  o.a.m.s.f.DefaultMavenResourcesFiltering - skip non existing resourceDirectory C:\Users\Admin\Automation MWF 9-30 to 11-00\Selenium_Learning\src\test\resources
2026-04-10 12:19:23,532 [Worker-53: Building] INFO  o.a.m.s.f.DefaultMavenResourcesFiltering - skip non existing resourceDirectory C:\Users\Admin\Automation MWF 9-30 to 11-00\Selenium_Learning\src\main\resources
2026-04-10 12:19:23,534 [Worker-53: Building] INFO  o.a.m.s.f.DefaultMavenResourcesFiltering - skip non existing resourceDirectory C:\Users\Admin\Automation MWF 9-30 to 11-00\Selenium_Learning\src\test\resources
2026-04-10 12:20:18,780 [Worker-52: Building] INFO  o.a.m.s.f.DefaultMavenResourcesFiltering - skip non existing resourceDirectory C:\Users\Admin\Automation MWF 9-30 to 11-00\Selenium_Learning\src\main\resources
2026-04-10 12:20:18,781 [Worker-52: Building] INFO  o.a.m.s.f.DefaultMavenResourcesFiltering - skip non existing resourceDirectory C:\Users\Admin\Automation MWF 9-30 to 11-00\Selenium_Learning\src\test\resources
2026-04-13 10:36:12,893 [Worker-9: Loading available Gradle versions] INFO  o.e.b.c.i.u.g.PublishedGradleVersions - Gradle version information cache is up-to-date. Trying to read.
2026-04-13 10:37:47,435 [Worker-20: Building] INFO  o.a.m.s.f.DefaultMavenResourcesFiltering - skip non existing resourceDirectory C:\Users\Admin\Automation MWF 9-30 to 11-00\Selenium_Learning\src\main\resources
2026-04-13 10:37:47,438 [Worker-20: Building] INFO  o.a.m.s.f.DefaultMavenResourcesFiltering - skip non existing resourceDirectory C:\Users\Admin\Automation MWF 9-30 to 11-00\Selenium_Learning\src\test\resources
2026-04-13 10:37:49,602 [Worker-8: Building] INFO  o.a.m.s.f.DefaultMavenResourcesFiltering - skip non existing resourceDirectory C:\Users\Admin\Automation MWF 9-30 to 11-00\Selenium_Learning\src\main\resources
2026-04-13 10:37:49,604 [Worker-8: Building] INFO  o.a.m.s.f.DefaultMavenResourcesFiltering - skip non existing resourceDirectory C:\Users\Admin\Automation MWF 9-30 to 11-00\Selenium_Learning\src\test\resources
2026-04-13 10:37:54,715 [Worker-19: Building] INFO  o.a.m.s.f.DefaultMavenResourcesFiltering - skip non existing resourceDirectory C:\Users\Admin\Automation MWF 9-30 to 11-00\Selenium_Learning\src\main\resources
2026-04-13 10:37:54,716 [Worker-19: Building] INFO  o.a.m.s.f.DefaultMavenResourcesFiltering - skip non existing resourceDirectory C:\Users\Admin\Automation MWF 9-30 to 11-00\Selenium_Learning\src\test\resources
2026-04-13 11:16:20,277 [Worker-32: Building] INFO  o.a.m.s.f.DefaultMavenResourcesFiltering - skip non existing resourceDirectory C:\Users\Admin\Automation MWF 9-30 to 11-00\Selenium_Learning\src\main\resources
2026-04-13 11:16:20,280 [Worker-32: Building] INFO  o.a.m.s.f.DefaultMavenResourcesFiltering - skip non existing resourceDirectory C:\Users\Admin\Automation MWF 9-30 to 11-00\Selenium_Learning\src\test\resources
2026-04-13 11:16:28,017 [Worker-15: Building] INFO  o.a.m.s.f.DefaultMavenResourcesFiltering - skip non existing resourceDirectory C:\Users\Admin\Automation MWF 9-30 to 11-00\Selenium_Learning\src\main\resources
2026-04-13 11:16:28,018 [Worker-15: Building] INFO  o.a.m.s.f.DefaultMavenResourcesFiltering - skip non existing resourceDirectory C:\Users\Admin\Automation MWF 9-30 to 11-00\Selenium_Learning\src\test\resources
2026-04-13 11:16:35,937 [Worker-37: Building] INFO  o.a.m.s.f.DefaultMavenResourcesFiltering - skip non existing resourceDirectory C:\Users\Admin\Automation MWF 9-30 to 11-00\Selenium_Learning\src\main\resources
2026-04-13 11:16:35,939 [Worker-37: Building] INFO  o.a.m.s.f.DefaultMavenResourcesFiltering - skip non existing resourceDirectory C:\Users\Admin\Automation MWF 9-30 to 11-00\Selenium_Learning\src\test\resources
2026-04-13 11:22:30,257 [Worker-39: Building] INFO  o.a.m.s.f.DefaultMavenResourcesFiltering - skip non existing resourceDirectory C:\Users\Admin\Automation MWF 9-30 to 11-00\Selenium_Learning\src\main\resources
2026-04-13 11:22:30,259 [Worker-39: Building] INFO  o.a.m.s.f.DefaultMavenResourcesFiltering - skip non existing resourceDirectory C:\Users\Admin\Automation MWF 9-30 to 11-00\Selenium_Learning\src\test\resources
2026-04-13 11:22:40,084 [Worker-39: Building] INFO  o.a.m.s.f.DefaultMavenResourcesFiltering - skip non existing resourceDirectory C:\Users\Admin\Automation MWF 9-30 to 11-00\Selenium_Learning\src\main\resources
2026-04-13 11:22:40,086 [Worker-39: Building] INFO  o.a.m.s.f.DefaultMavenResourcesFiltering - skip non existing resourceDirectory C:\Users\Admin\Automation MWF 9-30 to 11-00\Selenium_Learning\src\test\resources
2026-04-13 11:22:43,327 [Worker-41: Building] INFO  o.a.m.s.f.DefaultMavenResourcesFiltering - skip non existing resourceDirectory C:\Users\Admin\Automation MWF 9-30 to 11-00\Selenium_Learning\src\main\resources
2026-04-13 11:22:43,329 [Worker-41: Building] INFO  o.a.m.s.f.DefaultMavenResourcesFiltering - skip non existing resourceDirectory C:\Users\Admin\Automation MWF 9-30 to 11-00\Selenium_Learning\src\test\resources
2026-04-13 11:22:46,797 [Worker-35: Building] INFO  o.a.m.s.f.DefaultMavenResourcesFiltering - skip non existing resourceDirectory C:\Users\Admin\Automation MWF 9-30 to 11-00\Selenium_Learning\src\main\resources
2026-04-13 11:22:46,799 [Worker-35: Building] INFO  o.a.m.s.f.DefaultMavenResourcesFiltering - skip non existing resourceDirectory C:\Users\Admin\Automation MWF 9-30 to 11-00\Selenium_Learning\src\test\resources
2026-04-13 11:24:25,882 [Worker-43: Building] INFO  o.a.m.s.f.DefaultMavenResourcesFiltering - skip non existing resourceDirectory C:\Users\Admin\Automation MWF 9-30 to 11-00\Selenium_Learning\src\main\resources
2026-04-13 11:24:25,883 [Worker-43: Building] INFO  o.a.m.s.f.DefaultMavenResourcesFiltering - skip non existing resourceDirectory C:\Users\Admin\Automation MWF 9-30 to 11-00\Selenium_Learning\src\test\resources
2026-04-13 11:24:51,077 [Worker-35: Building] INFO  o.a.m.s.f.DefaultMavenResourcesFiltering - skip non existing resourceDirectory C:\Users\Admin\Automation MWF 9-30 to 11-00\Selenium_Learning\src\main\resources
2026-04-13 11:24:51,078 [Worker-35: Building] INFO  o.a.m.s.f.DefaultMavenResourcesFiltering - skip non existing resourceDirectory C:\Users\Admin\Automation MWF 9-30 to 11-00\Selenium_Learning\src\test\resources
2026-04-13 11:25:26,818 [Worker-44: Building] INFO  o.a.m.s.f.DefaultMavenResourcesFiltering - skip non existing resourceDirectory C:\Users\Admin\Automation MWF 9-30 to 11-00\Selenium_Learning\src\main\resources
2026-04-13 11:25:26,820 [Worker-44: Building] INFO  o.a.m.s.f.DefaultMavenResourcesFiltering - skip non existing resourceDirectory C:\Users\Admin\Automation MWF 9-30 to 11-00\Selenium_Learning\src\test\resources
2026-04-13 11:25:27,851 [Worker-43: Building] INFO  o.a.m.s.f.DefaultMavenResourcesFiltering - skip non existing resourceDirectory C:\Users\Admin\Automation MWF 9-30 to 11-00\Selenium_Learning\src\main\resources
2026-04-13 11:25:27,852 [Worker-43: Building] INFO  o.a.m.s.f.DefaultMavenResourcesFiltering - skip non existing resourceDirectory C:\Users\Admin\Automation MWF 9-30 to 11-00\Selenium_Learning\src\test\resources
2026-04-13 11:25:45,317 [Worker-45: Building] INFO  o.a.m.s.f.DefaultMavenResourcesFiltering - skip non existing resourceDirectory C:\Users\Admin\Automation MWF 9-30 to 11-00\Selenium_Learning\src\main\resources
2026-04-13 11:25:45,318 [Worker-45: Building] INFO  o.a.m.s.f.DefaultMavenResourcesFiltering - skip non existing resourceDirectory C:\Users\Admin\Automation MWF 9-30 to 11-00\Selenium_Learning\src\test\resources
2026-04-13 11:25:56,483 [Worker-39: Building] INFO  o.a.m.s.f.DefaultMavenResourcesFiltering - skip non existing resourceDirectory C:\Users\Admin\Automation MWF 9-30 to 11-00\Selenium_Learning\src\main\resources
2026-04-13 11:25:56,484 [Worker-39: Building] INFO  o.a.m.s.f.DefaultMavenResourcesFiltering - skip non existing resourceDirectory C:\Users\Admin\Automation MWF 9-30 to 11-00\Selenium_Learning\src\test\resources
2026-04-13 11:26:04,833 [Worker-35: Building] INFO  o.a.m.s.f.DefaultMavenResourcesFiltering - skip non existing resourceDirectory C:\Users\Admin\Automation MWF 9-30 to 11-00\Selenium_Learning\src\main\resources
2026-04-13 11:26:04,834 [Worker-35: Building] INFO  o.a.m.s.f.DefaultMavenResourcesFiltering - skip non existing resourceDirectory C:\Users\Admin\Automation MWF 9-30 to 11-00\Selenium_Learning\src\test\resources
2026-04-13 11:26:15,796 [Worker-35: Building] INFO  o.a.m.s.f.DefaultMavenResourcesFiltering - skip non existing resourceDirectory C:\Users\Admin\Automation MWF 9-30 to 11-00\Selenium_Learning\src\main\resources
2026-04-13 11:26:15,798 [Worker-35: Building] INFO  o.a.m.s.f.DefaultMavenResourcesFiltering - skip non existing resourceDirectory C:\Users\Admin\Automation MWF 9-30 to 11-00\Selenium_Learning\src\test\resources
2026-04-13 11:26:50,723 [Worker-39: Building] INFO  o.a.m.s.f.DefaultMavenResourcesFiltering - skip non existing resourceDirectory C:\Users\Admin\Automation MWF 9-30 to 11-00\Selenium_Learning\src\main\resources
2026-04-13 11:26:50,724 [Worker-39: Building] INFO  o.a.m.s.f.DefaultMavenResourcesFiltering - skip non existing resourceDirectory C:\Users\Admin\Automation MWF 9-30 to 11-00\Selenium_Learning\src\test\resources
2026-04-13 11:26:54,636 [Worker-39: Building] INFO  o.a.m.s.f.DefaultMavenResourcesFiltering - skip non existing resourceDirectory C:\Users\Admin\Automation MWF 9-30 to 11-00\Selenium_Learning\src\main\resources
2026-04-13 11:26:54,637 [Worker-39: Building] INFO  o.a.m.s.f.DefaultMavenResourcesFiltering - skip non existing resourceDirectory C:\Users\Admin\Automation MWF 9-30 to 11-00\Selenium_Learning\src\test\resources
2026-04-13 11:27:24,619 [Worker-44: Building] INFO  o.a.m.s.f.DefaultMavenResourcesFiltering - skip non existing resourceDirectory C:\Users\Admin\Automation MWF 9-30 to 11-00\Selenium_Learning\src\main\resources
2026-04-13 11:27:24,621 [Worker-44: Building] INFO  o.a.m.s.f.DefaultMavenResourcesFiltering - skip non existing resourceDirectory C:\Users\Admin\Automation MWF 9-30 to 11-00\Selenium_Learning\src\test\resources
2026-04-13 11:27:40,522 [Worker-35: Building] INFO  o.a.m.s.f.DefaultMavenResourcesFiltering - skip non existing resourceDirectory C:\Users\Admin\Automation MWF 9-30 to 11-00\Selenium_Learning\src\main\resources
2026-04-13 11:27:40,524 [Worker-35: Building] INFO  o.a.m.s.f.DefaultMavenResourcesFiltering - skip non existing resourceDirectory C:\Users\Admin\Automation MWF 9-30 to 11-00\Selenium_Learning\src\test\resources
2026-04-13 11:27:43,299 [Worker-35: Building] INFO  o.a.m.s.f.DefaultMavenResourcesFiltering - skip non existing resourceDirectory C:\Users\Admin\Automation MWF 9-30 to 11-00\Selenium_Learning\src\main\resources
2026-04-13 11:27:43,300 [Worker-35: Building] INFO  o.a.m.s.f.DefaultMavenResourcesFiltering - skip non existing resourceDirectory C:\Users\Admin\Automation MWF 9-30 to 11-00\Selenium_Learning\src\test\resources
2026-04-13 11:28:02,041 [Worker-43: Building] INFO  o.a.m.s.f.DefaultMavenResourcesFiltering - skip non existing resourceDirectory C:\Users\Admin\Automation MWF 9-30 to 11-00\Selenium_Learning\src\main\resources
2026-04-13 11:28:02,042 [Worker-43: Building] INFO  o.a.m.s.f.DefaultMavenResourcesFiltering - skip non existing resourceDirectory C:\Users\Admin\Automation MWF 9-30 to 11-00\Selenium_Learning\src\test\resources
2026-04-13 11:28:26,777 [Worker-39: Building] INFO  o.a.m.s.f.DefaultMavenResourcesFiltering - skip non existing resourceDirectory C:\Users\Admin\Automation MWF 9-30 to 11-00\Selenium_Learning\src\main\resources
2026-04-13 11:28:26,778 [Worker-39: Building] INFO  o.a.m.s.f.DefaultMavenResourcesFiltering - skip non existing resourceDirectory C:\Users\Admin\Automation MWF 9-30 to 11-00\Selenium_Learning\src\test\resources
2026-04-13 11:29:22,126 [Worker-43: Building] INFO  o.a.m.s.f.DefaultMavenResourcesFiltering - skip non existing resourceDirectory C:\Users\Admin\Automation MWF 9-30 to 11-00\Selenium_Learning\src\main\resources
2026-04-13 11:29:22,128 [Worker-43: Building] INFO  o.a.m.s.f.DefaultMavenResourcesFiltering - skip non existing resourceDirectory C:\Users\Admin\Automation MWF 9-30 to 11-00\Selenium_Learning\src\test\resources
2026-04-13 11:29:28,742 [Worker-43: Building] INFO  o.a.m.s.f.DefaultMavenResourcesFiltering - skip non existing resourceDirectory C:\Users\Admin\Automation MWF 9-30 to 11-00\Selenium_Learning\src\main\resources
2026-04-13 11:29:28,743 [Worker-43: Building] INFO  o.a.m.s.f.DefaultMavenResourcesFiltering - skip non existing resourceDirectory C:\Users\Admin\Automation MWF 9-30 to 11-00\Selenium_Learning\src\test\resources
2026-04-13 11:29:36,557 [Worker-39: Building] INFO  o.a.m.s.f.DefaultMavenResourcesFiltering - skip non existing resourceDirectory C:\Users\Admin\Automation MWF 9-30 to 11-00\Selenium_Learning\src\main\resources
2026-04-13 11:29:36,558 [Worker-39: Building] INFO  o.a.m.s.f.DefaultMavenResourcesFiltering - skip non existing resourceDirectory C:\Users\Admin\Automation MWF 9-30 to 11-00\Selenium_Learning\src\test\resources
2026-04-13 11:33:48,924 [Worker-43: Building] INFO  o.a.m.s.f.DefaultMavenResourcesFiltering - skip non existing resourceDirectory C:\Users\Admin\Automation MWF 9-30 to 11-00\Selenium_Learning\src\main\resources
2026-04-13 11:33:48,925 [Worker-43: Building] INFO  o.a.m.s.f.DefaultMavenResourcesFiltering - skip non existing resourceDirectory C:\Users\Admin\Automation MWF 9-30 to 11-00\Selenium_Learning\src\test\resources
2026-04-13 11:34:10,993 [Worker-47: Building] INFO  o.a.m.s.f.DefaultMavenResourcesFiltering - skip non existing resourceDirectory C:\Users\Admin\Automation MWF 9-30 to 11-00\Selenium_Learning\src\main\resources
2026-04-13 11:34:10,995 [Worker-47: Building] INFO  o.a.m.s.f.DefaultMavenResourcesFiltering - skip non existing resourceDirectory C:\Users\Admin\Automation MWF 9-30 to 11-00\Selenium_Learning\src\test\resources
2026-04-13 11:34:37,283 [Worker-48: Building] INFO  o.a.m.s.f.DefaultMavenResourcesFiltering - skip non existing resourceDirectory C:\Users\Admin\Automation MWF 9-30 to 11-00\Selenium_Learning\src\main\resources
2026-04-13 11:34:37,284 [Worker-48: Building] INFO  o.a.m.s.f.DefaultMavenResourcesFiltering - skip non existing resourceDirectory C:\Users\Admin\Automation MWF 9-30 to 11-00\Selenium_Learning\src\test\resources
2026-04-13 11:34:58,336 [Worker-47: Building] INFO  o.a.m.s.f.DefaultMavenResourcesFiltering - skip non existing resourceDirectory C:\Users\Admin\Automation MWF 9-30 to 11-00\Selenium_Learning\src\main\resources
2026-04-13 11:34:58,337 [Worker-47: Building] INFO  o.a.m.s.f.DefaultMavenResourcesFiltering - skip non existing resourceDirectory C:\Users\Admin\Automation MWF 9-30 to 11-00\Selenium_Learning\src\test\resources
2026-04-13 11:35:15,494 [Worker-48: Building] INFO  o.a.m.s.f.DefaultMavenResourcesFiltering - skip non existing resourceDirectory C:\Users\Admin\Automation MWF 9-30 to 11-00\Selenium_Learning\src\main\resources
2026-04-13 11:35:15,495 [Worker-48: Building] INFO  o.a.m.s.f.DefaultMavenResourcesFiltering - skip non existing resourceDirectory C:\Users\Admin\Automation MWF 9-30 to 11-00\Selenium_Learning\src\test\resources
2026-04-13 11:35:39,405 [Worker-47: Building] INFO  o.a.m.s.f.DefaultMavenResourcesFiltering - skip non existing resourceDirectory C:\Users\Admin\Automation MWF 9-30 to 11-00\Selenium_Learning\src\main\resources
2026-04-13 11:35:39,406 [Worker-47: Building] INFO  o.a.m.s.f.DefaultMavenResourcesFiltering - skip non existing resourceDirectory C:\Users\Admin\Automation MWF 9-30 to 11-00\Selenium_Learning\src\test\resources
2026-04-13 11:35:53,759 [Worker-47: Building] INFO  o.a.m.s.f.DefaultMavenResourcesFiltering - skip non existing resourceDirectory C:\Users\Admin\Automation MWF 9-30 to 11-00\Selenium_Learning\src\main\resources
2026-04-13 11:35:53,761 [Worker-47: Building] INFO  o.a.m.s.f.DefaultMavenResourcesFiltering - skip non existing resourceDirectory C:\Users\Admin\Automation MWF 9-30 to 11-00\Selenium_Learning\src\test\resources
2026-04-13 11:36:16,896 [Worker-49: Building] INFO  o.a.m.s.f.DefaultMavenResourcesFiltering - skip non existing resourceDirectory C:\Users\Admin\Automation MWF 9-30 to 11-00\Selenium_Learning\src\main\resources
2026-04-13 11:36:16,898 [Worker-49: Building] INFO  o.a.m.s.f.DefaultMavenResourcesFiltering - skip non existing resourceDirectory C:\Users\Admin\Automation MWF 9-30 to 11-00\Selenium_Learning\src\test\resources
2026-04-13 11:36:27,656 [Worker-48: Building] INFO  o.a.m.s.f.DefaultMavenResourcesFiltering - skip non existing resourceDirectory C:\Users\Admin\Automation MWF 9-30 to 11-00\Selenium_Learning\src\main\resources
2026-04-13 11:36:27,657 [Worker-48: Building] INFO  o.a.m.s.f.DefaultMavenResourcesFiltering - skip non existing resourceDirectory C:\Users\Admin\Automation MWF 9-30 to 11-00\Selenium_Learning\src\test\resources
2026-04-13 11:39:47,791 [Worker-43: Building] INFO  o.a.m.s.f.DefaultMavenResourcesFiltering - skip non existing resourceDirectory C:\Users\Admin\Automation MWF 9-30 to 11-00\Selenium_Learning\src\main\resources
2026-04-13 11:39:47,792 [Worker-43: Building] INFO  o.a.m.s.f.DefaultMavenResourcesFiltering - skip non existing resourceDirectory C:\Users\Admin\Automation MWF 9-30 to 11-00\Selenium_Learning\src\test\resources
2026-04-13 11:42:14,272 [Worker-43: Building] INFO  o.a.m.s.f.DefaultMavenResourcesFiltering - skip non existing resourceDirectory C:\Users\Admin\Automation MWF 9-30 to 11-00\Selenium_Learning\src\main\resources
2026-04-13 11:42:14,273 [Worker-43: Building] INFO  o.a.m.s.f.DefaultMavenResourcesFiltering - skip non existing resourceDirectory C:\Users\Admin\Automation MWF 9-30 to 11-00\Selenium_Learning\src\test\resources
2026-04-13 11:42:18,137 [Worker-51: Building] INFO  o.a.m.s.f.DefaultMavenResourcesFiltering - skip non existing resourceDirectory C:\Users\Admin\Automation MWF 9-30 to 11-00\Selenium_Learning\src\main\resources
2026-04-13 11:42:18,138 [Worker-51: Building] INFO  o.a.m.s.f.DefaultMavenResourcesFiltering - skip non existing resourceDirectory C:\Users\Admin\Automation MWF 9-30 to 11-00\Selenium_Learning\src\test\resources
2026-04-13 11:43:23,541 [Worker-52: Building] INFO  o.a.m.s.f.DefaultMavenResourcesFiltering - skip non existing resourceDirectory C:\Users\Admin\Automation MWF 9-30 to 11-00\Selenium_Learning\src\main\resources
2026-04-13 11:43:23,542 [Worker-52: Building] INFO  o.a.m.s.f.DefaultMavenResourcesFiltering - skip non existing resourceDirectory C:\Users\Admin\Automation MWF 9-30 to 11-00\Selenium_Learning\src\test\resources
2026-04-13 11:43:28,429 [Worker-51: Building] INFO  o.a.m.s.f.DefaultMavenResourcesFiltering - skip non existing resourceDirectory C:\Users\Admin\Automation MWF 9-30 to 11-00\Selenium_Learning\src\main\resources
2026-04-13 11:43:28,430 [Worker-51: Building] INFO  o.a.m.s.f.DefaultMavenResourcesFiltering - skip non existing resourceDirectory C:\Users\Admin\Automation MWF 9-30 to 11-00\Selenium_Learning\src\test\resources
2026-04-13 11:43:29,521 [Worker-54: Building] INFO  o.a.m.s.f.DefaultMavenResourcesFiltering - skip non existing resourceDirectory C:\Users\Admin\Automation MWF 9-30 to 11-00\Selenium_Learning\src\main\resources
2026-04-13 11:43:29,523 [Worker-54: Building] INFO  o.a.m.s.f.DefaultMavenResourcesFiltering - skip non existing resourceDirectory C:\Users\Admin\Automation MWF 9-30 to 11-00\Selenium_Learning\src\test\resources
2026-04-13 11:44:05,889 [Worker-52: Building] INFO  o.a.m.s.f.DefaultMavenResourcesFiltering - skip non existing resourceDirectory C:\Users\Admin\Automation MWF 9-30 to 11-00\Selenium_Learning\src\main\resources
2026-04-13 11:44:05,891 [Worker-52: Building] INFO  o.a.m.s.f.DefaultMavenResourcesFiltering - skip non existing resourceDirectory C:\Users\Admin\Automation MWF 9-30 to 11-00\Selenium_Learning\src\test\resources
2026-04-13 11:45:30,431 [Worker-52: Building] INFO  o.a.m.s.f.DefaultMavenResourcesFiltering - skip non existing resourceDirectory C:\Users\Admin\Automation MWF 9-30 to 11-00\Selenium_Learning\src\main\resources
2026-04-13 11:45:30,432 [Worker-52: Building] INFO  o.a.m.s.f.DefaultMavenResourcesFiltering - skip non existing resourceDirectory C:\Users\Admin\Automation MWF 9-30 to 11-00\Selenium_Learning\src\test\resources
2026-04-13 11:45:31,483 [Worker-43: Building] INFO  o.a.m.s.f.DefaultMavenResourcesFiltering - skip non existing resourceDirectory C:\Users\Admin\Automation MWF 9-30 to 11-00\Selenium_Learning\src\main\resources
2026-04-13 11:45:31,484 [Worker-43: Building] INFO  o.a.m.s.f.DefaultMavenResourcesFiltering - skip non existing resourceDirectory C:\Users\Admin\Automation MWF 9-30 to 11-00\Selenium_Learning\src\test\resources
2026-04-13 11:47:05,039 [Worker-54: Building] INFO  o.a.m.s.f.DefaultMavenResourcesFiltering - skip non existing resourceDirectory C:\Users\Admin\Automation MWF 9-30 to 11-00\Selenium_Learning\src\main\resources
2026-04-13 11:47:05,041 [Worker-54: Building] INFO  o.a.m.s.f.DefaultMavenResourcesFiltering - skip non existing resourceDirectory C:\Users\Admin\Automation MWF 9-30 to 11-00\Selenium_Learning\src\test\resources
2026-04-13 12:19:50,170 [Worker-63: Building] INFO  o.a.m.s.f.DefaultMavenResourcesFiltering - skip non existing resourceDirectory C:\Users\Admin\Automation MWF 9-30 to 11-00\Selenium_Learning\src\main\resources
2026-04-13 12:19:50,172 [Worker-63: Building] INFO  o.a.m.s.f.DefaultMavenResourcesFiltering - skip non existing resourceDirectory C:\Users\Admin\Automation MWF 9-30 to 11-00\Selenium_Learning\src\test\resources
2026-04-13 12:19:59,535 [Worker-64: Building] INFO  o.a.m.s.f.DefaultMavenResourcesFiltering - skip non existing resourceDirectory C:\Users\Admin\Automation MWF 9-30 to 11-00\Selenium_Learning\src\main\resources
2026-04-13 12:19:59,536 [Worker-64: Building] INFO  o.a.m.s.f.DefaultMavenResourcesFiltering - skip non existing resourceDirectory C:\Users\Admin\Automation MWF 9-30 to 11-00\Selenium_Learning\src\test\resources
2026-04-13 12:20:12,237 [Worker-57: Building] INFO  o.a.m.s.f.DefaultMavenResourcesFiltering - skip non existing resourceDirectory C:\Users\Admin\Automation MWF 9-30 to 11-00\Selenium_Learning\src\main\resources
2026-04-13 12:20:12,238 [Worker-57: Building] INFO  o.a.m.s.f.DefaultMavenResourcesFiltering - skip non existing resourceDirectory C:\Users\Admin\Automation MWF 9-30 to 11-00\Selenium_Learning\src\test\resources
2026-04-13 12:20:13,320 [Worker-57: Building] INFO  o.a.m.s.f.DefaultMavenResourcesFiltering - skip non existing resourceDirectory C:\Users\Admin\Automation MWF 9-30 to 11-00\Selenium_Learning\src\main\resources
2026-04-13 12:20:13,321 [Worker-57: Building] INFO  o.a.m.s.f.DefaultMavenResourcesFiltering - skip non existing resourceDirectory C:\Users\Admin\Automation MWF 9-30 to 11-00\Selenium_Learning\src\test\resources
2026-04-15 10:38:58,840 [Worker-5: Loading available Gradle versions] INFO  o.e.b.c.i.u.g.PublishedGradleVersions - Gradle version information cache is up-to-date. Trying to read.
2026-04-15 10:39:32,524 [Worker-10: Building] INFO  o.a.m.s.f.DefaultMavenResourcesFiltering - skip non existing resourceDirectory C:\Users\Admin\Automation MWF 9-30 to 11-00\Selenium_Learning\src\main\resources
2026-04-15 10:39:32,528 [Worker-10: Building] INFO  o.a.m.s.f.DefaultMavenResourcesFiltering - skip non existing resourceDirectory C:\Users\Admin\Automation MWF 9-30 to 11-00\Selenium_Learning\src\test\resources
2026-04-15 10:39:38,474 [Worker-11: Building] INFO  o.a.m.s.f.DefaultMavenResourcesFiltering - skip non existing resourceDirectory C:\Users\Admin\Automation MWF 9-30 to 11-00\Selenium_Learning\src\main\resources
2026-04-15 10:39:38,477 [Worker-11: Building] INFO  o.a.m.s.f.DefaultMavenResourcesFiltering - skip non existing resourceDirectory C:\Users\Admin\Automation MWF 9-30 to 11-00\Selenium_Learning\src\test\resources
2026-04-15 10:39:40,770 [Worker-28: Building] INFO  o.a.m.s.f.DefaultMavenResourcesFiltering - skip non existing resourceDirectory C:\Users\Admin\Automation MWF 9-30 to 11-00\Selenium_Learning\src\main\resources
2026-04-15 10:39:40,772 [Worker-28: Building] INFO  o.a.m.s.f.DefaultMavenResourcesFiltering - skip non existing resourceDirectory C:\Users\Admin\Automation MWF 9-30 to 11-00\Selenium_Learning\src\test\resources
2026-04-15 10:39:42,573 [Worker-24: Building] INFO  o.a.m.s.f.DefaultMavenResourcesFiltering - skip non existing resourceDirectory C:\Users\Admin\Automation MWF 9-30 to 11-00\Selenium_Learning\src\main\resources
2026-04-15 10:39:42,575 [Worker-24: Building] INFO  o.a.m.s.f.DefaultMavenResourcesFiltering - skip non existing resourceDirectory C:\Users\Admin\Automation MWF 9-30 to 11-00\Selenium_Learning\src\test\resources
2026-04-15 10:40:09,404 [Worker-4: Building] INFO  o.a.m.s.f.DefaultMavenResourcesFiltering - skip non existing resourceDirectory C:\Users\Admin\Automation MWF 9-30 to 11-00\Selenium_Learning\src\main\resources
2026-04-15 10:40:09,407 [Worker-4: Building] INFO  o.a.m.s.f.DefaultMavenResourcesFiltering - skip non existing resourceDirectory C:\Users\Admin\Automation MWF 9-30 to 11-00\Selenium_Learning\src\test\resources
2026-04-15 10:40:10,453 [Worker-29: Building] INFO  o.a.m.s.f.DefaultMavenResourcesFiltering - skip non existing resourceDirectory C:\Users\Admin\Automation MWF 9-30 to 11-00\Selenium_Learning\src\main\resources
2026-04-15 10:40:10,455 [Worker-29: Building] INFO  o.a.m.s.f.DefaultMavenResourcesFiltering - skip non existing resourceDirectory C:\Users\Admin\Automation MWF 9-30 to 11-00\Selenium_Learning\src\test\resources
2026-04-15 10:42:50,947 [Worker-33: Building] INFO  o.a.m.s.f.DefaultMavenResourcesFiltering - skip non existing resourceDirectory C:\Users\Admin\Automation MWF 9-30 to 11-00\Selenium_Learning\src\main\resources
2026-04-15 10:42:50,948 [Worker-33: Building] INFO  o.a.m.s.f.DefaultMavenResourcesFiltering - skip non existing resourceDirectory C:\Users\Admin\Automation MWF 9-30 to 11-00\Selenium_Learning\src\test\resources
2026-04-15 10:43:09,353 [Worker-23: Building] INFO  o.a.m.s.f.DefaultMavenResourcesFiltering - skip non existing resourceDirectory C:\Users\Admin\Automation MWF 9-30 to 11-00\Selenium_Learning\src\main\resources
2026-04-15 10:43:09,356 [Worker-23: Building] INFO  o.a.m.s.f.DefaultMavenResourcesFiltering - skip non existing resourceDirectory C:\Users\Admin\Automation MWF 9-30 to 11-00\Selenium_Learning\src\test\resources
2026-04-15 10:43:13,853 [Worker-23: Building] INFO  o.a.m.s.f.DefaultMavenResourcesFiltering - skip non existing resourceDirectory C:\Users\Admin\Automation MWF 9-30 to 11-00\Selenium_Learning\src\main\resources
2026-04-15 10:43:13,855 [Worker-23: Building] INFO  o.a.m.s.f.DefaultMavenResourcesFiltering - skip non existing resourceDirectory C:\Users\Admin\Automation MWF 9-30 to 11-00\Selenium_Learning\src\test\resources
2026-04-15 10:43:15,992 [Worker-7: Building] INFO  o.a.m.s.f.DefaultMavenResourcesFiltering - skip non existing resourceDirectory C:\Users\Admin\Automation MWF 9-30 to 11-00\Selenium_Learning\src\main\resources
2026-04-15 10:43:15,993 [Worker-7: Building] INFO  o.a.m.s.f.DefaultMavenResourcesFiltering - skip non existing resourceDirectory C:\Users\Admin\Automation MWF 9-30 to 11-00\Selenium_Learning\src\test\resources
2026-04-15 10:44:58,325 [Worker-7: Building] INFO  o.a.m.s.f.DefaultMavenResourcesFiltering - skip non existing resourceDirectory C:\Users\Admin\Automation MWF 9-30 to 11-00\Selenium_Learning\src\main\resources
2026-04-15 10:44:58,327 [Worker-7: Building] INFO  o.a.m.s.f.DefaultMavenResourcesFiltering - skip non existing resourceDirectory C:\Users\Admin\Automation MWF 9-30 to 11-00\Selenium_Learning\src\test\resources
2026-04-15 10:45:02,344 [Worker-31: Building] INFO  o.a.m.s.f.DefaultMavenResourcesFiltering - skip non existing resourceDirectory C:\Users\Admin\Automation MWF 9-30 to 11-00\Selenium_Learning\src\main\resources
2026-04-15 10:45:02,346 [Worker-31: Building] INFO  o.a.m.s.f.DefaultMavenResourcesFiltering - skip non existing resourceDirectory C:\Users\Admin\Automation MWF 9-30 to 11-00\Selenium_Learning\src\test\resources
2026-04-15 10:45:28,704 [Worker-37: Building] INFO  o.a.m.s.f.DefaultMavenResourcesFiltering - skip non existing resourceDirectory C:\Users\Admin\Automation MWF 9-30 to 11-00\Selenium_Learning\src\main\resources
2026-04-15 10:45:28,705 [Worker-37: Building] INFO  o.a.m.s.f.DefaultMavenResourcesFiltering - skip non existing resourceDirectory C:\Users\Admin\Automation MWF 9-30 to 11-00\Selenium_Learning\src\test\resources
2026-04-15 10:45:29,739 [Worker-35: Building] INFO  o.a.m.s.f.DefaultMavenResourcesFiltering - skip non existing resourceDirectory C:\Users\Admin\Automation MWF 9-30 to 11-00\Selenium_Learning\src\main\resources
2026-04-15 10:45:29,740 [Worker-35: Building] INFO  o.a.m.s.f.DefaultMavenResourcesFiltering - skip non existing resourceDirectory C:\Users\Admin\Automation MWF 9-30 to 11-00\Selenium_Learning\src\test\resources
2026-04-15 10:47:04,928 [Worker-37: Building] INFO  o.a.m.s.f.DefaultMavenResourcesFiltering - skip non existing resourceDirectory C:\Users\Admin\Automation MWF 9-30 to 11-00\Selenium_Learning\src\main\resources
2026-04-15 10:47:04,930 [Worker-37: Building] INFO  o.a.m.s.f.DefaultMavenResourcesFiltering - skip non existing resourceDirectory C:\Users\Admin\Automation MWF 9-30 to 11-00\Selenium_Learning\src\test\resources
2026-04-15 10:47:28,536 [Worker-38: Building] INFO  o.a.m.s.f.DefaultMavenResourcesFiltering - skip non existing resourceDirectory C:\Users\Admin\Automation MWF 9-30 to 11-00\Selenium_Learning\src\main\resources
2026-04-15 10:47:28,538 [Worker-38: Building] INFO  o.a.m.s.f.DefaultMavenResourcesFiltering - skip non existing resourceDirectory C:\Users\Admin\Automation MWF 9-30 to 11-00\Selenium_Learning\src\test\resources
2026-04-15 10:47:38,559 [Worker-37: Building] INFO  o.a.m.s.f.DefaultMavenResourcesFiltering - skip non existing resourceDirectory C:\Users\Admin\Automation MWF 9-30 to 11-00\Selenium_Learning\src\main\resources
2026-04-15 10:47:38,561 [Worker-37: Building] INFO  o.a.m.s.f.DefaultMavenResourcesFiltering - skip non existing resourceDirectory C:\Users\Admin\Automation MWF 9-30 to 11-00\Selenium_Learning\src\test\resources
2026-04-15 10:47:42,073 [Worker-37: Building] INFO  o.a.m.s.f.DefaultMavenResourcesFiltering - skip non existing resourceDirectory C:\Users\Admin\Automation MWF 9-30 to 11-00\Selenium_Learning\src\main\resources
2026-04-15 10:47:42,074 [Worker-37: Building] INFO  o.a.m.s.f.DefaultMavenResourcesFiltering - skip non existing resourceDirectory C:\Users\Admin\Automation MWF 9-30 to 11-00\Selenium_Learning\src\test\resources
2026-04-15 10:47:45,579 [Worker-41: Building] INFO  o.a.m.s.f.DefaultMavenResourcesFiltering - skip non existing resourceDirectory C:\Users\Admin\Automation MWF 9-30 to 11-00\Selenium_Learning\src\main\resources
2026-04-15 10:47:45,580 [Worker-41: Building] INFO  o.a.m.s.f.DefaultMavenResourcesFiltering - skip non existing resourceDirectory C:\Users\Admin\Automation MWF 9-30 to 11-00\Selenium_Learning\src\test\resources
2026-04-15 10:47:49,508 [Worker-39: Building] INFO  o.a.m.s.f.DefaultMavenResourcesFiltering - skip non existing resourceDirectory C:\Users\Admin\Automation MWF 9-30 to 11-00\Selenium_Learning\src\main\resources
2026-04-15 10:47:49,510 [Worker-39: Building] INFO  o.a.m.s.f.DefaultMavenResourcesFiltering - skip non existing resourceDirectory C:\Users\Admin\Automation MWF 9-30 to 11-00\Selenium_Learning\src\test\resources
2026-04-15 10:51:54,458 [Worker-37: Building] INFO  o.a.m.s.f.DefaultMavenResourcesFiltering - skip non existing resourceDirectory C:\Users\Admin\Automation MWF 9-30 to 11-00\Selenium_Learning\src\main\resources
2026-04-15 10:51:54,460 [Worker-37: Building] INFO  o.a.m.s.f.DefaultMavenResourcesFiltering - skip non existing resourceDirectory C:\Users\Admin\Automation MWF 9-30 to 11-00\Selenium_Learning\src\test\resources
2026-04-15 11:17:23,562 [Worker-37: Building] INFO  o.a.m.s.f.DefaultMavenResourcesFiltering - skip non existing resourceDirectory C:\Users\Admin\Automation MWF 9-30 to 11-00\Selenium_Learning\src\main\resources
2026-04-15 11:17:23,564 [Worker-37: Building] INFO  o.a.m.s.f.DefaultMavenResourcesFiltering - skip non existing resourceDirectory C:\Users\Admin\Automation MWF 9-30 to 11-00\Selenium_Learning\src\test\resources
2026-04-15 11:17:51,547 [Worker-50: Building] INFO  o.a.m.s.f.DefaultMavenResourcesFiltering - skip non existing resourceDirectory C:\Users\Admin\Automation MWF 9-30 to 11-00\Selenium_Learning\src\main\resources
2026-04-15 11:17:51,549 [Worker-50: Building] INFO  o.a.m.s.f.DefaultMavenResourcesFiltering - skip non existing resourceDirectory C:\Users\Admin\Automation MWF 9-30 to 11-00\Selenium_Learning\src\test\resources
2026-04-15 11:17:59,570 [Worker-37: Building] INFO  o.a.m.s.f.DefaultMavenResourcesFiltering - skip non existing resourceDirectory C:\Users\Admin\Automation MWF 9-30 to 11-00\Selenium_Learning\src\main\resources
2026-04-15 11:17:59,572 [Worker-37: Building] INFO  o.a.m.s.f.DefaultMavenResourcesFiltering - skip non existing resourceDirectory C:\Users\Admin\Automation MWF 9-30 to 11-00\Selenium_Learning\src\test\resources
2026-04-15 11:18:07,813 [Worker-48: Building] INFO  o.a.m.s.f.DefaultMavenResourcesFiltering - skip non existing resourceDirectory C:\Users\Admin\Automation MWF 9-30 to 11-00\Selenium_Learning\src\main\resources
2026-04-15 11:18:07,815 [Worker-48: Building] INFO  o.a.m.s.f.DefaultMavenResourcesFiltering - skip non existing resourceDirectory C:\Users\Admin\Automation MWF 9-30 to 11-00\Selenium_Learning\src\test\resources
2026-04-15 11:18:34,717 [Worker-48: Building] INFO  o.a.m.s.f.DefaultMavenResourcesFiltering - skip non existing resourceDirectory C:\Users\Admin\Automation MWF 9-30 to 11-00\Selenium_Learning\src\main\resources
2026-04-15 11:18:34,719 [Worker-48: Building] INFO  o.a.m.s.f.DefaultMavenResourcesFiltering - skip non existing resourceDirectory C:\Users\Admin\Automation MWF 9-30 to 11-00\Selenium_Learning\src\test\resources
2026-04-15 11:18:59,478 [Worker-49: Building] INFO  o.a.m.s.f.DefaultMavenResourcesFiltering - skip non existing resourceDirectory C:\Users\Admin\Automation MWF 9-30 to 11-00\Selenium_Learning\src\main\resources
2026-04-15 11:18:59,480 [Worker-49: Building] INFO  o.a.m.s.f.DefaultMavenResourcesFiltering - skip non existing resourceDirectory C:\Users\Admin\Automation MWF 9-30 to 11-00\Selenium_Learning\src\test\resources
2026-04-15 11:19:52,387 [Worker-49: Building] INFO  o.a.m.s.f.DefaultMavenResourcesFiltering - skip non existing resourceDirectory C:\Users\Admin\Automation MWF 9-30 to 11-00\Selenium_Learning\src\main\resources
2026-04-15 11:19:52,388 [Worker-49: Building] INFO  o.a.m.s.f.DefaultMavenResourcesFiltering - skip non existing resourceDirectory C:\Users\Admin\Automation MWF 9-30 to 11-00\Selenium_Learning\src\test\resources
2026-04-15 11:20:14,377 [Worker-49: Building] INFO  o.a.m.s.f.DefaultMavenResourcesFiltering - skip non existing resourceDirectory C:\Users\Admin\Automation MWF 9-30 to 11-00\Selenium_Learning\src\main\resources
2026-04-15 11:20:14,378 [Worker-49: Building] INFO  o.a.m.s.f.DefaultMavenResourcesFiltering - skip non existing resourceDirectory C:\Users\Admin\Automation MWF 9-30 to 11-00\Selenium_Learning\src\test\resources
2026-04-15 11:21:01,718 [Worker-44: Building] INFO  o.a.m.s.f.DefaultMavenResourcesFiltering - skip non existing resourceDirectory C:\Users\Admin\Automation MWF 9-30 to 11-00\Selenium_Learning\src\main\resources
2026-04-15 11:21:01,719 [Worker-44: Building] INFO  o.a.m.s.f.DefaultMavenResourcesFiltering - skip non existing resourceDirectory C:\Users\Admin\Automation MWF 9-30 to 11-00\Selenium_Learning\src\test\resources
2026-04-15 11:21:34,316 [Worker-44: Building] INFO  o.a.m.s.f.DefaultMavenResourcesFiltering - skip non existing resourceDirectory C:\Users\Admin\Automation MWF 9-30 to 11-00\Selenium_Learning\src\main\resources
2026-04-15 11:21:34,317 [Worker-44: Building] INFO  o.a.m.s.f.DefaultMavenResourcesFiltering - skip non existing resourceDirectory C:\Users\Admin\Automation MWF 9-30 to 11-00\Selenium_Learning\src\test\resources
2026-04-15 11:21:56,577 [Worker-51: Building] INFO  o.a.m.s.f.DefaultMavenResourcesFiltering - skip non existing resourceDirectory C:\Users\Admin\Automation MWF 9-30 to 11-00\Selenium_Learning\src\main\resources
2026-04-15 11:21:56,578 [Worker-51: Building] INFO  o.a.m.s.f.DefaultMavenResourcesFiltering - skip non existing resourceDirectory C:\Users\Admin\Automation MWF 9-30 to 11-00\Selenium_Learning\src\test\resources
2026-04-15 11:23:09,523 [Worker-49: Building] INFO  o.a.m.s.f.DefaultMavenResourcesFiltering - skip non existing resourceDirectory C:\Users\Admin\Automation MWF 9-30 to 11-00\Selenium_Learning\src\main\resources
2026-04-15 11:23:09,525 [Worker-49: Building] INFO  o.a.m.s.f.DefaultMavenResourcesFiltering - skip non existing resourceDirectory C:\Users\Admin\Automation MWF 9-30 to 11-00\Selenium_Learning\src\test\resources
2026-04-15 11:23:20,992 [Worker-52: Building] INFO  o.a.m.s.f.DefaultMavenResourcesFiltering - skip non existing resourceDirectory C:\Users\Admin\Automation MWF 9-30 to 11-00\Selenium_Learning\src\main\resources
2026-04-15 11:23:20,993 [Worker-52: Building] INFO  o.a.m.s.f.DefaultMavenResourcesFiltering - skip non existing resourceDirectory C:\Users\Admin\Automation MWF 9-30 to 11-00\Selenium_Learning\src\test\resources
2026-04-15 11:23:39,263 [Worker-37: Building] INFO  o.a.m.s.f.DefaultMavenResourcesFiltering - skip non existing resourceDirectory C:\Users\Admin\Automation MWF 9-30 to 11-00\Selenium_Learning\src\main\resources
2026-04-15 11:23:39,265 [Worker-37: Building] INFO  o.a.m.s.f.DefaultMavenResourcesFiltering - skip non existing resourceDirectory C:\Users\Admin\Automation MWF 9-30 to 11-00\Selenium_Learning\src\test\resources
2026-04-15 11:24:29,656 [Worker-48: Building] INFO  o.a.m.s.f.DefaultMavenResourcesFiltering - skip non existing resourceDirectory C:\Users\Admin\Automation MWF 9-30 to 11-00\Selenium_Learning\src\main\resources
2026-04-15 11:24:29,658 [Worker-48: Building] INFO  o.a.m.s.f.DefaultMavenResourcesFiltering - skip non existing resourceDirectory C:\Users\Admin\Automation MWF 9-30 to 11-00\Selenium_Learning\src\test\resources
2026-04-15 11:24:43,273 [Worker-51: Building] INFO  o.a.m.s.f.DefaultMavenResourcesFiltering - skip non existing resourceDirectory C:\Users\Admin\Automation MWF 9-30 to 11-00\Selenium_Learning\src\main\resources
2026-04-15 11:24:43,274 [Worker-51: Building] INFO  o.a.m.s.f.DefaultMavenResourcesFiltering - skip non existing resourceDirectory C:\Users\Admin\Automation MWF 9-30 to 11-00\Selenium_Learning\src\test\resources
2026-04-15 11:45:41,398 [Worker-59: Building] INFO  o.a.m.s.f.DefaultMavenResourcesFiltering - skip non existing resourceDirectory C:\Users\Admin\Automation MWF 9-30 to 11-00\Selenium_Learning\src\main\resources
2026-04-15 11:45:41,399 [Worker-59: Building] INFO  o.a.m.s.f.DefaultMavenResourcesFiltering - skip non existing resourceDirectory C:\Users\Admin\Automation MWF 9-30 to 11-00\Selenium_Learning\src\test\resources
2026-04-15 11:47:11,596 [Worker-59: Building] INFO  o.a.m.s.f.DefaultMavenResourcesFiltering - skip non existing resourceDirectory C:\Users\Admin\Automation MWF 9-30 to 11-00\Selenium_Learning\src\main\resources
2026-04-15 11:47:11,597 [Worker-59: Building] INFO  o.a.m.s.f.DefaultMavenResourcesFiltering - skip non existing resourceDirectory C:\Users\Admin\Automation MWF 9-30 to 11-00\Selenium_Learning\src\test\resources
2026-04-15 11:47:35,116 [Worker-61: Building] INFO  o.a.m.s.f.DefaultMavenResourcesFiltering - skip non existing resourceDirectory C:\Users\Admin\Automation MWF 9-30 to 11-00\Selenium_Learning\src\main\resources
2026-04-15 11:47:35,118 [Worker-61: Building] INFO  o.a.m.s.f.DefaultMavenResourcesFiltering - skip non existing resourceDirectory C:\Users\Admin\Automation MWF 9-30 to 11-00\Selenium_Learning\src\test\resources
2026-04-15 11:48:02,112 [Worker-44: Building] INFO  o.a.m.s.f.DefaultMavenResourcesFiltering - skip non existing resourceDirectory C:\Users\Admin\Automation MWF 9-30 to 11-00\Selenium_Learning\src\main\resources
2026-04-15 11:48:02,113 [Worker-44: Building] INFO  o.a.m.s.f.DefaultMavenResourcesFiltering - skip non existing resourceDirectory C:\Users\Admin\Automation MWF 9-30 to 11-00\Selenium_Learning\src\test\resources
2026-04-15 11:48:30,124 [Worker-61: Building] INFO  o.a.m.s.f.DefaultMavenResourcesFiltering - skip non existing resourceDirectory C:\Users\Admin\Automation MWF 9-30 to 11-00\Selenium_Learning\src\main\resources
2026-04-15 11:48:30,125 [Worker-61: Building] INFO  o.a.m.s.f.DefaultMavenResourcesFiltering - skip non existing resourceDirectory C:\Users\Admin\Automation MWF 9-30 to 11-00\Selenium_Learning\src\test\resources
2026-04-15 11:48:38,691 [Worker-62: Building] INFO  o.a.m.s.f.DefaultMavenResourcesFiltering - skip non existing resourceDirectory C:\Users\Admin\Automation MWF 9-30 to 11-00\Selenium_Learning\src\main\resources
2026-04-15 11:48:38,692 [Worker-62: Building] INFO  o.a.m.s.f.DefaultMavenResourcesFiltering - skip non existing resourceDirectory C:\Users\Admin\Automation MWF 9-30 to 11-00\Selenium_Learning\src\test\resources
2026-04-15 11:48:49,092 [Worker-59: Building] INFO  o.a.m.s.f.DefaultMavenResourcesFiltering - skip non existing resourceDirectory C:\Users\Admin\Automation MWF 9-30 to 11-00\Selenium_Learning\src\main\resources
2026-04-15 11:48:49,093 [Worker-59: Building] INFO  o.a.m.s.f.DefaultMavenResourcesFiltering - skip non existing resourceDirectory C:\Users\Admin\Automation MWF 9-30 to 11-00\Selenium_Learning\src\test\resources
2026-04-15 11:50:19,873 [Worker-62: Building] INFO  o.a.m.s.f.DefaultMavenResourcesFiltering - skip non existing resourceDirectory C:\Users\Admin\Automation MWF 9-30 to 11-00\Selenium_Learning\src\main\resources
2026-04-15 11:50:19,874 [Worker-62: Building] INFO  o.a.m.s.f.DefaultMavenResourcesFiltering - skip non existing resourceDirectory C:\Users\Admin\Automation MWF 9-30 to 11-00\Selenium_Learning\src\test\resources
2026-04-15 11:53:41,389 [Worker-60: Building] INFO  o.a.m.s.f.DefaultMavenResourcesFiltering - skip non existing resourceDirectory C:\Users\Admin\Automation MWF 9-30 to 11-00\Selenium_Learning\src\main\resources
2026-04-15 11:53:41,391 [Worker-60: Building] INFO  o.a.m.s.f.DefaultMavenResourcesFiltering - skip non existing resourceDirectory C:\Users\Admin\Automation MWF 9-30 to 11-00\Selenium_Learning\src\test\resources
2026-04-15 11:53:47,872 [Worker-60: Building] INFO  o.a.m.s.f.DefaultMavenResourcesFiltering - skip non existing resourceDirectory C:\Users\Admin\Automation MWF 9-30 to 11-00\Selenium_Learning\src\main\resources
2026-04-15 11:53:47,873 [Worker-60: Building] INFO  o.a.m.s.f.DefaultMavenResourcesFiltering - skip non existing resourceDirectory C:\Users\Admin\Automation MWF 9-30 to 11-00\Selenium_Learning\src\test\resources
2026-04-15 11:54:19,948 [Worker-60: Building] INFO  o.a.m.s.f.DefaultMavenResourcesFiltering - skip non existing resourceDirectory C:\Users\Admin\Automation MWF 9-30 to 11-00\Selenium_Learning\src\main\resources
2026-04-15 11:54:19,949 [Worker-60: Building] INFO  o.a.m.s.f.DefaultMavenResourcesFiltering - skip non existing resourceDirectory C:\Users\Admin\Automation MWF 9-30 to 11-00\Selenium_Learning\src\test\resources
2026-04-15 11:54:40,998 [Worker-65: Building] INFO  o.a.m.s.f.DefaultMavenResourcesFiltering - skip non existing resourceDirectory C:\Users\Admin\Automation MWF 9-30 to 11-00\Selenium_Learning\src\main\resources
2026-04-15 11:54:40,999 [Worker-65: Building] INFO  o.a.m.s.f.DefaultMavenResourcesFiltering - skip non existing resourceDirectory C:\Users\Admin\Automation MWF 9-30 to 11-00\Selenium_Learning\src\test\resources
2026-04-15 11:54:42,056 [Worker-67: Building] INFO  o.a.m.s.f.DefaultMavenResourcesFiltering - skip non existing resourceDirectory C:\Users\Admin\Automation MWF 9-30 to 11-00\Selenium_Learning\src\main\resources
2026-04-15 11:54:42,057 [Worker-67: Building] INFO  o.a.m.s.f.DefaultMavenResourcesFiltering - skip non existing resourceDirectory C:\Users\Admin\Automation MWF 9-30 to 11-00\Selenium_Learning\src\test\resources
2026-04-15 11:55:13,434 [Worker-64: Building] INFO  o.a.m.s.f.DefaultMavenResourcesFiltering - skip non existing resourceDirectory C:\Users\Admin\Automation MWF 9-30 to 11-00\Selenium_Learning\src\main\resources
2026-04-15 11:55:13,435 [Worker-64: Building] INFO  o.a.m.s.f.DefaultMavenResourcesFiltering - skip non existing resourceDirectory C:\Users\Admin\Automation MWF 9-30 to 11-00\Selenium_Learning\src\test\resources
2026-04-15 11:55:50,431 [Worker-64: Building] INFO  o.a.m.s.f.DefaultMavenResourcesFiltering - skip non existing resourceDirectory C:\Users\Admin\Automation MWF 9-30 to 11-00\Selenium_Learning\src\main\resources
2026-04-15 11:55:50,433 [Worker-64: Building] INFO  o.a.m.s.f.DefaultMavenResourcesFiltering - skip non existing resourceDirectory C:\Users\Admin\Automation MWF 9-30 to 11-00\Selenium_Learning\src\test\resources
2026-04-15 11:55:59,904 [Worker-67: Building] INFO  o.a.m.s.f.DefaultMavenResourcesFiltering - skip non existing resourceDirectory C:\Users\Admin\Automation MWF 9-30 to 11-00\Selenium_Learning\src\main\resources
2026-04-15 11:55:59,905 [Worker-67: Building] INFO  o.a.m.s.f.DefaultMavenResourcesFiltering - skip non existing resourceDirectory C:\Users\Admin\Automation MWF 9-30 to 11-00\Selenium_Learning\src\test\resources
2026-04-15 11:56:08,413 [Worker-64: Building] INFO  o.a.m.s.f.DefaultMavenResourcesFiltering - skip non existing resourceDirectory C:\Users\Admin\Automation MWF 9-30 to 11-00\Selenium_Learning\src\main\resources
2026-04-15 11:56:08,414 [Worker-64: Building] INFO  o.a.m.s.f.DefaultMavenResourcesFiltering - skip non existing resourceDirectory C:\Users\Admin\Automation MWF 9-30 to 11-00\Selenium_Learning\src\test\resources
2026-04-20 11:32:15,924 [Worker-2: Loading available Gradle versions] INFO  o.e.b.c.i.u.g.PublishedGradleVersions - Gradle version information cache is up-to-date. Trying to read.
2026-04-20 11:32:46,859 [Worker-25: Building] INFO  o.a.m.s.f.DefaultMavenResourcesFiltering - skip non existing resourceDirectory C:\Users\Admin\Automation MWF 9-30 to 11-00\Selenium_Learning\src\main\resources
2026-04-20 11:32:46,864 [Worker-25: Building] INFO  o.a.m.s.f.DefaultMavenResourcesFiltering - skip non existing resourceDirectory C:\Users\Admin\Automation MWF 9-30 to 11-00\Selenium_Learning\src\test\resources
2026-04-20 11:32:51,306 [Worker-28: Building] INFO  o.a.m.s.f.DefaultMavenResourcesFiltering - skip non existing resourceDirectory C:\Users\Admin\Automation MWF 9-30 to 11-00\Selenium_Learning\src\main\resources
2026-04-20 11:32:51,308 [Worker-28: Building] INFO  o.a.m.s.f.DefaultMavenResourcesFiltering - skip non existing resourceDirectory C:\Users\Admin\Automation MWF 9-30 to 11-00\Selenium_Learning\src\test\resources
2026-04-20 11:32:53,930 [Worker-16: Building] INFO  o.a.m.s.f.DefaultMavenResourcesFiltering - skip non existing resourceDirectory C:\Users\Admin\Automation MWF 9-30 to 11-00\Selenium_Learning\src\main\resources
2026-04-20 11:32:53,932 [Worker-16: Building] INFO  o.a.m.s.f.DefaultMavenResourcesFiltering - skip non existing resourceDirectory C:\Users\Admin\Automation MWF 9-30 to 11-00\Selenium_Learning\src\test\resources
2026-04-20 11:33:35,509 [Worker-6: Building] INFO  o.a.m.s.f.DefaultMavenResourcesFiltering - skip non existing resourceDirectory C:\Users\Admin\Automation MWF 9-30 to 11-00\Selenium_Learning\src\main\resources
2026-04-20 11:33:35,510 [Worker-6: Building] INFO  o.a.m.s.f.DefaultMavenResourcesFiltering - skip non existing resourceDirectory C:\Users\Admin\Automation MWF 9-30 to 11-00\Selenium_Learning\src\test\resources
2026-04-20 11:39:18,981 [Worker-32: Building] INFO  o.a.m.s.f.DefaultMavenResourcesFiltering - skip non existing resourceDirectory C:\Users\Admin\Automation MWF 9-30 to 11-00\Selenium_Learning\src\main\resources
2026-04-20 11:39:18,983 [Worker-32: Building] INFO  o.a.m.s.f.DefaultMavenResourcesFiltering - skip non existing resourceDirectory C:\Users\Admin\Automation MWF 9-30 to 11-00\Selenium_Learning\src\test\resources
2026-04-20 11:40:39,388 [Worker-31: Building] INFO  o.a.m.s.f.DefaultMavenResourcesFiltering - skip non existing resourceDirectory C:\Users\Admin\Automation MWF 9-30 to 11-00\Selenium_Learning\src\main\resources
2026-04-20 11:40:39,389 [Worker-31: Building] INFO  o.a.m.s.f.DefaultMavenResourcesFiltering - skip non existing resourceDirectory C:\Users\Admin\Automation MWF 9-30 to 11-00\Selenium_Learning\src\test\resources
2026-04-20 11:40:40,533 [Worker-25: Building] INFO  o.a.m.s.f.DefaultMavenResourcesFiltering - skip non existing resourceDirectory C:\Users\Admin\Automation MWF 9-30 to 11-00\Selenium_Learning\src\main\resources
2026-04-20 11:40:40,535 [Worker-25: Building] INFO  o.a.m.s.f.DefaultMavenResourcesFiltering - skip non existing resourceDirectory C:\Users\Admin\Automation MWF 9-30 to 11-00\Selenium_Learning\src\test\resources
2026-04-20 11:52:48,303 [Worker-36: Building] INFO  o.a.m.s.f.DefaultMavenResourcesFiltering - skip non existing resourceDirectory C:\Users\Admin\Automation MWF 9-30 to 11-00\Selenium_Learning\src\main\resources
2026-04-20 11:52:48,305 [Worker-36: Building] INFO  o.a.m.s.f.DefaultMavenResourcesFiltering - skip non existing resourceDirectory C:\Users\Admin\Automation MWF 9-30 to 11-00\Selenium_Learning\src\test\resources
2026-04-20 11:53:18,449 [Worker-37: Building] INFO  o.a.m.s.f.DefaultMavenResourcesFiltering - skip non existing resourceDirectory C:\Users\Admin\Automation MWF 9-30 to 11-00\Selenium_Learning\src\main\resources
2026-04-20 11:53:18,451 [Worker-37: Building] INFO  o.a.m.s.f.DefaultMavenResourcesFiltering - skip non existing resourceDirectory C:\Users\Admin\Automation MWF 9-30 to 11-00\Selenium_Learning\src\test\resources
2026-04-20 11:53:19,554 [Worker-25: Building] INFO  o.a.m.s.f.DefaultMavenResourcesFiltering - skip non existing resourceDirectory C:\Users\Admin\Automation MWF 9-30 to 11-00\Selenium_Learning\src\main\resources
2026-04-20 11:53:19,556 [Worker-25: Building] INFO  o.a.m.s.f.DefaultMavenResourcesFiltering - skip non existing resourceDirectory C:\Users\Admin\Automation MWF 9-30 to 11-00\Selenium_Learning\src\test\resources
2026-04-20 11:55:11,258 [Worker-39: Building] INFO  o.a.m.s.f.DefaultMavenResourcesFiltering - skip non existing resourceDirectory C:\Users\Admin\Automation MWF 9-30 to 11-00\Selenium_Learning\src\main\resources
2026-04-20 11:55:11,259 [Worker-39: Building] INFO  o.a.m.s.f.DefaultMavenResourcesFiltering - skip non existing resourceDirectory C:\Users\Admin\Automation MWF 9-30 to 11-00\Selenium_Learning\src\test\resources
2026-04-20 11:55:43,446 [Worker-41: Building] INFO  o.a.m.s.f.DefaultMavenResourcesFiltering - skip non existing resourceDirectory C:\Users\Admin\Automation MWF 9-30 to 11-00\Selenium_Learning\src\main\resources
2026-04-20 11:55:43,447 [Worker-41: Building] INFO  o.a.m.s.f.DefaultMavenResourcesFiltering - skip non existing resourceDirectory C:\Users\Admin\Automation MWF 9-30 to 11-00\Selenium_Learning\src\test\resources
2026-04-20 11:55:44,534 [Worker-34: Building] INFO  o.a.m.s.f.DefaultMavenResourcesFiltering - skip non existing resourceDirectory C:\Users\Admin\Automation MWF 9-30 to 11-00\Selenium_Learning\src\main\resources
2026-04-20 11:55:44,535 [Worker-34: Building] INFO  o.a.m.s.f.DefaultMavenResourcesFiltering - skip non existing resourceDirectory C:\Users\Admin\Automation MWF 9-30 to 11-00\Selenium_Learning\src\test\resources
2026-04-20 11:55:59,075 [Worker-37: Building] INFO  o.a.m.s.f.DefaultMavenResourcesFiltering - skip non existing resourceDirectory C:\Users\Admin\Automation MWF 9-30 to 11-00\Selenium_Learning\src\main\resources
2026-04-20 11:55:59,076 [Worker-37: Building] INFO  o.a.m.s.f.DefaultMavenResourcesFiltering - skip non existing resourceDirectory C:\Users\Admin\Automation MWF 9-30 to 11-00\Selenium_Learning\src\test\resources
2026-04-20 11:56:03,731 [Worker-40: Building] INFO  o.a.m.s.f.DefaultMavenResourcesFiltering - skip non existing resourceDirectory C:\Users\Admin\Automation MWF 9-30 to 11-00\Selenium_Learning\src\main\resources
2026-04-20 11:56:03,732 [Worker-40: Building] INFO  o.a.m.s.f.DefaultMavenResourcesFiltering - skip non existing resourceDirectory C:\Users\Admin\Automation MWF 9-30 to 11-00\Selenium_Learning\src\test\resources
2026-04-20 11:56:06,488 [Worker-41: Building] INFO  o.a.m.s.f.DefaultMavenResourcesFiltering - skip non existing resourceDirectory C:\Users\Admin\Automation MWF 9-30 to 11-00\Selenium_Learning\src\main\resources
2026-04-20 11:56:06,489 [Worker-41: Building] INFO  o.a.m.s.f.DefaultMavenResourcesFiltering - skip non existing resourceDirectory C:\Users\Admin\Automation MWF 9-30 to 11-00\Selenium_Learning\src\test\resources
2026-04-20 11:56:48,983 [Worker-34: Building] INFO  o.a.m.s.f.DefaultMavenResourcesFiltering - skip non existing resourceDirectory C:\Users\Admin\Automation MWF 9-30 to 11-00\Selenium_Learning\src\main\resources
2026-04-20 11:56:48,984 [Worker-34: Building] INFO  o.a.m.s.f.DefaultMavenResourcesFiltering - skip non existing resourceDirectory C:\Users\Admin\Automation MWF 9-30 to 11-00\Selenium_Learning\src\test\resources
2026-04-20 11:58:46,633 [Worker-41: Building] INFO  o.a.m.s.f.DefaultMavenResourcesFiltering - skip non existing resourceDirectory C:\Users\Admin\Automation MWF 9-30 to 11-00\Selenium_Learning\src\main\resources
2026-04-20 11:58:46,634 [Worker-41: Building] INFO  o.a.m.s.f.DefaultMavenResourcesFiltering - skip non existing resourceDirectory C:\Users\Admin\Automation MWF 9-30 to 11-00\Selenium_Learning\src\test\resources
2026-04-20 11:58:48,284 [Worker-41: Building] INFO  o.a.m.s.f.DefaultMavenResourcesFiltering - skip non existing resourceDirectory C:\Users\Admin\Automation MWF 9-30 to 11-00\Selenium_Learning\src\main\resources
2026-04-20 11:58:48,286 [Worker-41: Building] INFO  o.a.m.s.f.DefaultMavenResourcesFiltering - skip non existing resourceDirectory C:\Users\Admin\Automation MWF 9-30 to 11-00\Selenium_Learning\src\test\resources
2026-04-20 11:59:12,781 [Worker-41: Building] INFO  o.a.m.s.f.DefaultMavenResourcesFiltering - skip non existing resourceDirectory C:\Users\Admin\Automation MWF 9-30 to 11-00\Selenium_Learning\src\main\resources
2026-04-20 11:59:12,782 [Worker-41: Building] INFO  o.a.m.s.f.DefaultMavenResourcesFiltering - skip non existing resourceDirectory C:\Users\Admin\Automation MWF 9-30 to 11-00\Selenium_Learning\src\test\resources
2026-04-20 11:59:19,309 [Worker-37: Building] INFO  o.a.m.s.f.DefaultMavenResourcesFiltering - skip non existing resourceDirectory C:\Users\Admin\Automation MWF 9-30 to 11-00\Selenium_Learning\src\main\resources
2026-04-20 11:59:19,311 [Worker-37: Building] INFO  o.a.m.s.f.DefaultMavenResourcesFiltering - skip non existing resourceDirectory C:\Users\Admin\Automation MWF 9-30 to 11-00\Selenium_Learning\src\test\resources
2026-04-20 11:59:21,741 [Worker-41: Building] INFO  o.a.m.s.f.DefaultMavenResourcesFiltering - skip non existing resourceDirectory C:\Users\Admin\Automation MWF 9-30 to 11-00\Selenium_Learning\src\main\resources
2026-04-20 11:59:21,743 [Worker-41: Building] INFO  o.a.m.s.f.DefaultMavenResourcesFiltering - skip non existing resourceDirectory C:\Users\Admin\Automation MWF 9-30 to 11-00\Selenium_Learning\src\test\resources
2026-04-20 11:59:33,116 [Worker-34: Building] INFO  o.a.m.s.f.DefaultMavenResourcesFiltering - skip non existing resourceDirectory C:\Users\Admin\Automation MWF 9-30 to 11-00\Selenium_Learning\src\main\resources
2026-04-20 11:59:33,117 [Worker-34: Building] INFO  o.a.m.s.f.DefaultMavenResourcesFiltering - skip non existing resourceDirectory C:\Users\Admin\Automation MWF 9-30 to 11-00\Selenium_Learning\src\test\resources
2026-04-20 12:00:04,735 [Worker-34: Building] INFO  o.a.m.s.f.DefaultMavenResourcesFiltering - skip non existing resourceDirectory C:\Users\Admin\Automation MWF 9-30 to 11-00\Selenium_Learning\src\main\resources
2026-04-20 12:00:04,737 [Worker-34: Building] INFO  o.a.m.s.f.DefaultMavenResourcesFiltering - skip non existing resourceDirectory C:\Users\Admin\Automation MWF 9-30 to 11-00\Selenium_Learning\src\test\resources
2026-04-20 12:00:08,277 [Worker-40: Building] INFO  o.a.m.s.f.DefaultMavenResourcesFiltering - skip non existing resourceDirectory C:\Users\Admin\Automation MWF 9-30 to 11-00\Selenium_Learning\src\main\resources
2026-04-20 12:00:08,279 [Worker-40: Building] INFO  o.a.m.s.f.DefaultMavenResourcesFiltering - skip non existing resourceDirectory C:\Users\Admin\Automation MWF 9-30 to 11-00\Selenium_Learning\src\test\resources
2026-04-20 12:00:30,052 [Worker-39: Building] INFO  o.a.m.s.f.DefaultMavenResourcesFiltering - skip non existing resourceDirectory C:\Users\Admin\Automation MWF 9-30 to 11-00\Selenium_Learning\src\main\resources
2026-04-20 12:00:30,054 [Worker-39: Building] INFO  o.a.m.s.f.DefaultMavenResourcesFiltering - skip non existing resourceDirectory C:\Users\Admin\Automation MWF 9-30 to 11-00\Selenium_Learning\src\test\resources
2026-04-20 12:00:54,941 [Worker-41: Building] INFO  o.a.m.s.f.DefaultMavenResourcesFiltering - skip non existing resourceDirectory C:\Users\Admin\Automation MWF 9-30 to 11-00\Selenium_Learning\src\main\resources
2026-04-20 12:00:54,942 [Worker-41: Building] INFO  o.a.m.s.f.DefaultMavenResourcesFiltering - skip non existing resourceDirectory C:\Users\Admin\Automation MWF 9-30 to 11-00\Selenium_Learning\src\test\resources
2026-04-20 12:01:37,170 [Worker-41: Building] INFO  o.a.m.s.f.DefaultMavenResourcesFiltering - skip non existing resourceDirectory C:\Users\Admin\Automation MWF 9-30 to 11-00\Selenium_Learning\src\main\resources
2026-04-20 12:01:37,172 [Worker-41: Building] INFO  o.a.m.s.f.DefaultMavenResourcesFiltering - skip non existing resourceDirectory C:\Users\Admin\Automation MWF 9-30 to 11-00\Selenium_Learning\src\test\resources
2026-04-20 12:01:48,006 [Worker-40: Building] INFO  o.a.m.s.f.DefaultMavenResourcesFiltering - skip non existing resourceDirectory C:\Users\Admin\Automation MWF 9-30 to 11-00\Selenium_Learning\src\main\resources
2026-04-20 12:01:48,008 [Worker-40: Building] INFO  o.a.m.s.f.DefaultMavenResourcesFiltering - skip non existing resourceDirectory C:\Users\Admin\Automation MWF 9-30 to 11-00\Selenium_Learning\src\test\resources
2026-04-20 12:02:33,652 [Worker-42: Building] INFO  o.a.m.s.f.DefaultMavenResourcesFiltering - skip non existing resourceDirectory C:\Users\Admin\Automation MWF 9-30 to 11-00\Selenium_Learning\src\main\resources
2026-04-20 12:02:33,652 [Worker-42: Building] INFO  o.a.m.s.f.DefaultMavenResourcesFiltering - skip non existing resourceDirectory C:\Users\Admin\Automation MWF 9-30 to 11-00\Selenium_Learning\src\test\resources
2026-04-22 11:45:43,020 [Worker-10: Loading available Gradle versions] INFO  o.e.b.c.i.u.g.PublishedGradleVersions - Gradle version information cache is up-to-date. Trying to read.
2026-04-22 11:47:07,062 [Worker-26: Building] INFO  o.a.m.s.f.DefaultMavenResourcesFiltering - skip non existing resourceDirectory C:\Users\Admin\Automation MWF 9-30 to 11-00\Selenium_Learning\src\main\resources
2026-04-22 11:47:07,066 [Worker-26: Building] INFO  o.a.m.s.f.DefaultMavenResourcesFiltering - skip non existing resourceDirectory C:\Users\Admin\Automation MWF 9-30 to 11-00\Selenium_Learning\src\test\resources
2026-04-22 11:48:48,733 [Worker-12: Building] INFO  o.a.m.s.f.DefaultMavenResourcesFiltering - skip non existing resourceDirectory C:\Users\Admin\Automation MWF 9-30 to 11-00\Selenium_Learning\src\main\resources
2026-04-22 11:48:48,735 [Worker-12: Building] INFO  o.a.m.s.f.DefaultMavenResourcesFiltering - skip non existing resourceDirectory C:\Users\Admin\Automation MWF 9-30 to 11-00\Selenium_Learning\src\test\resources
2026-04-22 11:50:02,258 [Worker-29: Building] INFO  o.a.m.s.f.DefaultMavenResourcesFiltering - skip non existing resourceDirectory C:\Users\Admin\Automation MWF 9-30 to 11-00\Selenium_Learning\src\main\resources
2026-04-22 11:50:02,260 [Worker-29: Building] INFO  o.a.m.s.f.DefaultMavenResourcesFiltering - skip non existing resourceDirectory C:\Users\Admin\Automation MWF 9-30 to 11-00\Selenium_Learning\src\test\resources
2026-04-29 10:27:19,460 [Worker-7: Loading available Gradle versions] INFO  o.e.b.c.i.u.g.PublishedGradleVersions - Gradle version information cache is up-to-date. Trying to read.
2026-04-29 10:28:21,032 [Worker-18: Building] INFO  o.a.m.s.f.DefaultMavenResourcesFiltering - skip non existing resourceDirectory C:\Users\Admin\Automation MWF 9-30 to 11-00\Selenium_Learning\src\main\resources
2026-04-29 10:28:21,037 [Worker-18: Building] INFO  o.a.m.s.f.DefaultMavenResourcesFiltering - skip non existing resourceDirectory C:\Users\Admin\Automation MWF 9-30 to 11-00\Selenium_Learning\src\test\resources
2026-04-29 10:28:27,684 [Worker-10: Building] INFO  o.a.m.s.f.DefaultMavenResourcesFiltering - skip non existing resourceDirectory C:\Users\Admin\Automation MWF 9-30 to 11-00\Selenium_Learning\src\main\resources
2026-04-29 10:28:27,686 [Worker-10: Building] INFO  o.a.m.s.f.DefaultMavenResourcesFiltering - skip non existing resourceDirectory C:\Users\Admin\Automation MWF 9-30 to 11-00\Selenium_Learning\src\test\resources
2026-04-29 10:29:06,205 [Worker-13: Building] INFO  o.a.m.s.f.DefaultMavenResourcesFiltering - skip non existing resourceDirectory C:\Users\Admin\Automation MWF 9-30 to 11-00\Selenium_Learning\src\main\resources
2026-04-29 10:29:06,207 [Worker-13: Building] INFO  o.a.m.s.f.DefaultMavenResourcesFiltering - skip non existing resourceDirectory C:\Users\Admin\Automation MWF 9-30 to 11-00\Selenium_Learning\src\test\resources
2026-04-29 10:29:45,293 [Worker-22: Building] INFO  o.a.m.s.f.DefaultMavenResourcesFiltering - skip non existing resourceDirectory C:\Users\Admin\Automation MWF 9-30 to 11-00\Selenium_Learning\src\main\resources
2026-04-29 10:29:45,295 [Worker-22: Building] INFO  o.a.m.s.f.DefaultMavenResourcesFiltering - skip non existing resourceDirectory C:\Users\Admin\Automation MWF 9-30 to 11-00\Selenium_Learning\src\test\resources
2026-04-29 10:31:39,714 [Worker-4: Building] INFO  o.a.m.s.f.DefaultMavenResourcesFiltering - skip non existing resourceDirectory C:\Users\Admin\Automation MWF 9-30 to 11-00\Selenium_Learning\src\main\resources
2026-04-29 10:31:39,715 [Worker-4: Building] INFO  o.a.m.s.f.DefaultMavenResourcesFiltering - skip non existing resourceDirectory C:\Users\Admin\Automation MWF 9-30 to 11-00\Selenium_Learning\src\test\resources
2026-04-29 10:31:40,808 [Worker-24: Building] INFO  o.a.m.s.f.DefaultMavenResourcesFiltering - skip non existing resourceDirectory C:\Users\Admin\Automation MWF 9-30 to 11-00\Selenium_Learning\src\main\resources
2026-04-29 10:31:40,809 [Worker-24: Building] INFO  o.a.m.s.f.DefaultMavenResourcesFiltering - skip non existing resourceDirectory C:\Users\Admin\Automation MWF 9-30 to 11-00\Selenium_Learning\src\test\resources
2026-04-29 10:33:04,043 [Worker-19: Building] INFO  o.a.m.s.f.DefaultMavenResourcesFiltering - skip non existing resourceDirectory C:\Users\Admin\Automation MWF 9-30 to 11-00\Selenium_Learning\src\main\resources
2026-04-29 10:33:04,045 [Worker-19: Building] INFO  o.a.m.s.f.DefaultMavenResourcesFiltering - skip non existing resourceDirectory C:\Users\Admin\Automation MWF 9-30 to 11-00\Selenium_Learning\src\test\resources
2026-04-29 10:34:46,129 [Worker-19: Building] INFO  o.a.m.s.f.DefaultMavenResourcesFiltering - skip non existing resourceDirectory C:\Users\Admin\Automation MWF 9-30 to 11-00\Selenium_Learning\src\main\resources
2026-04-29 10:34:46,130 [Worker-19: Building] INFO  o.a.m.s.f.DefaultMavenResourcesFiltering - skip non existing resourceDirectory C:\Users\Admin\Automation MWF 9-30 to 11-00\Selenium_Learning\src\test\resources
2026-04-29 10:35:14,550 [Worker-15: Building] INFO  o.a.m.s.f.DefaultMavenResourcesFiltering - skip non existing resourceDirectory C:\Users\Admin\Automation MWF 9-30 to 11-00\Selenium_Learning\src\main\resources
2026-04-29 10:35:14,552 [Worker-15: Building] INFO  o.a.m.s.f.DefaultMavenResourcesFiltering - skip non existing resourceDirectory C:\Users\Admin\Automation MWF 9-30 to 11-00\Selenium_Learning\src\test\resources
2026-04-29 10:35:16,931 [Worker-1: Building] INFO  o.a.m.s.f.DefaultMavenResourcesFiltering - skip non existing resourceDirectory C:\Users\Admin\Automation MWF 9-30 to 11-00\Selenium_Learning\src\main\resources
2026-04-29 10:35:16,933 [Worker-1: Building] INFO  o.a.m.s.f.DefaultMavenResourcesFiltering - skip non existing resourceDirectory C:\Users\Admin\Automation MWF 9-30 to 11-00\Selenium_Learning\src\test\resources
2026-04-29 10:35:52,211 [Worker-23: Building] INFO  o.a.m.s.f.DefaultMavenResourcesFiltering - skip non existing resourceDirectory C:\Users\Admin\Automation MWF 9-30 to 11-00\Selenium_Learning\src\main\resources
2026-04-29 10:35:52,213 [Worker-23: Building] INFO  o.a.m.s.f.DefaultMavenResourcesFiltering - skip non existing resourceDirectory C:\Users\Admin\Automation MWF 9-30 to 11-00\Selenium_Learning\src\test\resources
2026-04-29 10:36:03,753 [Worker-24: Building] INFO  o.a.m.s.f.DefaultMavenResourcesFiltering - skip non existing resourceDirectory C:\Users\Admin\Automation MWF 9-30 to 11-00\Selenium_Learning\src\main\resources
2026-04-29 10:36:03,755 [Worker-24: Building] INFO  o.a.m.s.f.DefaultMavenResourcesFiltering - skip non existing resourceDirectory C:\Users\Admin\Automation MWF 9-30 to 11-00\Selenium_Learning\src\test\resources
2026-04-29 10:37:04,046 [Worker-15: Building] INFO  o.a.m.s.f.DefaultMavenResourcesFiltering - skip non existing resourceDirectory C:\Users\Admin\Automation MWF 9-30 to 11-00\Selenium_Learning\src\main\resources
2026-04-29 10:37:04,048 [Worker-15: Building] INFO  o.a.m.s.f.DefaultMavenResourcesFiltering - skip non existing resourceDirectory C:\Users\Admin\Automation MWF 9-30 to 11-00\Selenium_Learning\src\test\resources
2026-04-29 10:38:01,915 [Worker-19: Building] INFO  o.a.m.s.f.DefaultMavenResourcesFiltering - skip non existing resourceDirectory C:\Users\Admin\Automation MWF 9-30 to 11-00\Selenium_Learning\src\main\resources
2026-04-29 10:38:01,917 [Worker-19: Building] INFO  o.a.m.s.f.DefaultMavenResourcesFiltering - skip non existing resourceDirectory C:\Users\Admin\Automation MWF 9-30 to 11-00\Selenium_Learning\src\test\resources
2026-04-29 10:39:07,730 [Worker-26: Building] INFO  o.a.m.s.f.DefaultMavenResourcesFiltering - skip non existing resourceDirectory C:\Users\Admin\Automation MWF 9-30 to 11-00\Selenium_Learning\src\main\resources
2026-04-29 10:39:07,732 [Worker-26: Building] INFO  o.a.m.s.f.DefaultMavenResourcesFiltering - skip non existing resourceDirectory C:\Users\Admin\Automation MWF 9-30 to 11-00\Selenium_Learning\src\test\resources
2026-04-29 10:40:25,896 [Worker-4: Building] INFO  o.a.m.s.f.DefaultMavenResourcesFiltering - skip non existing resourceDirectory C:\Users\Admin\Automation MWF 9-30 to 11-00\Selenium_Learning\src\main\resources
2026-04-29 10:40:25,898 [Worker-4: Building] INFO  o.a.m.s.f.DefaultMavenResourcesFiltering - skip non existing resourceDirectory C:\Users\Admin\Automation MWF 9-30 to 11-00\Selenium_Learning\src\test\resources
2026-04-29 10:40:38,568 [Worker-28: Building] INFO  o.a.m.s.f.DefaultMavenResourcesFiltering - skip non existing resourceDirectory C:\Users\Admin\Automation MWF 9-30 to 11-00\Selenium_Learning\src\main\resources
2026-04-29 10:40:38,569 [Worker-28: Building] INFO  o.a.m.s.f.DefaultMavenResourcesFiltering - skip non existing resourceDirectory C:\Users\Admin\Automation MWF 9-30 to 11-00\Selenium_Learning\src\test\resources
2026-04-29 10:41:10,501 [Worker-12: Building] INFO  o.a.m.s.f.DefaultMavenResourcesFiltering - skip non existing resourceDirectory C:\Users\Admin\Automation MWF 9-30 to 11-00\Selenium_Learning\src\main\resources
2026-04-29 10:41:10,503 [Worker-12: Building] INFO  o.a.m.s.f.DefaultMavenResourcesFiltering - skip non existing resourceDirectory C:\Users\Admin\Automation MWF 9-30 to 11-00\Selenium_Learning\src\test\resources
2026-04-29 10:41:51,551 [Worker-4: Building] INFO  o.a.m.s.f.DefaultMavenResourcesFiltering - skip non existing resourceDirectory C:\Users\Admin\Automation MWF 9-30 to 11-00\Selenium_Learning\src\main\resources
2026-04-29 10:41:51,552 [Worker-4: Building] INFO  o.a.m.s.f.DefaultMavenResourcesFiltering - skip non existing resourceDirectory C:\Users\Admin\Automation MWF 9-30 to 11-00\Selenium_Learning\src\test\resources
2026-04-29 10:41:55,363 [Worker-24: Building] INFO  o.a.m.s.f.DefaultMavenResourcesFiltering - skip non existing resourceDirectory C:\Users\Admin\Automation MWF 9-30 to 11-00\Selenium_Learning\src\main\resources
2026-04-29 10:41:55,365 [Worker-24: Building] INFO  o.a.m.s.f.DefaultMavenResourcesFiltering - skip non existing resourceDirectory C:\Users\Admin\Automation MWF 9-30 to 11-00\Selenium_Learning\src\test\resources
2026-04-29 10:42:40,325 [Worker-4: Building] INFO  o.a.m.s.f.DefaultMavenResourcesFiltering - skip non existing resourceDirectory C:\Users\Admin\Automation MWF 9-30 to 11-00\Selenium_Learning\src\main\resources
2026-04-29 10:42:40,328 [Worker-4: Building] INFO  o.a.m.s.f.DefaultMavenResourcesFiltering - skip non existing resourceDirectory C:\Users\Admin\Automation MWF 9-30 to 11-00\Selenium_Learning\src\test\resources
2026-04-29 10:42:43,430 [Worker-24: Building] INFO  o.a.m.s.f.DefaultMavenResourcesFiltering - skip non existing resourceDirectory C:\Users\Admin\Automation MWF 9-30 to 11-00\Selenium_Learning\src\main\resources
2026-04-29 10:42:43,431 [Worker-24: Building] INFO  o.a.m.s.f.DefaultMavenResourcesFiltering - skip non existing resourceDirectory C:\Users\Admin\Automation MWF 9-30 to 11-00\Selenium_Learning\src\test\resources
2026-04-29 10:43:07,940 [Worker-19: Building] INFO  o.a.m.s.f.DefaultMavenResourcesFiltering - skip non existing resourceDirectory C:\Users\Admin\Automation MWF 9-30 to 11-00\Selenium_Learning\src\main\resources
2026-04-29 10:43:07,942 [Worker-19: Building] INFO  o.a.m.s.f.DefaultMavenResourcesFiltering - skip non existing resourceDirectory C:\Users\Admin\Automation MWF 9-30 to 11-00\Selenium_Learning\src\test\resources
2026-04-29 10:43:10,302 [Worker-24: Building] INFO  o.a.m.s.f.DefaultMavenResourcesFiltering - skip non existing resourceDirectory C:\Users\Admin\Automation MWF 9-30 to 11-00\Selenium_Learning\src\main\resources
2026-04-29 10:43:10,303 [Worker-24: Building] INFO  o.a.m.s.f.DefaultMavenResourcesFiltering - skip non existing resourceDirectory C:\Users\Admin\Automation MWF 9-30 to 11-00\Selenium_Learning\src\test\resources
2026-04-29 10:44:24,609 [Worker-28: Building] INFO  o.a.m.s.f.DefaultMavenResourcesFiltering - skip non existing resourceDirectory C:\Users\Admin\Automation MWF 9-30 to 11-00\Selenium_Learning\src\main\resources
2026-04-29 10:44:24,610 [Worker-28: Building] INFO  o.a.m.s.f.DefaultMavenResourcesFiltering - skip non existing resourceDirectory C:\Users\Admin\Automation MWF 9-30 to 11-00\Selenium_Learning\src\test\resources
2026-04-29 10:45:14,004 [Worker-12: Building] INFO  o.a.m.s.f.DefaultMavenResourcesFiltering - skip non existing resourceDirectory C:\Users\Admin\Automation MWF 9-30 to 11-00\Selenium_Learning\src\main\resources
2026-04-29 10:45:14,006 [Worker-12: Building] INFO  o.a.m.s.f.DefaultMavenResourcesFiltering - skip non existing resourceDirectory C:\Users\Admin\Automation MWF 9-30 to 11-00\Selenium_Learning\src\test\resources
2026-04-29 10:47:20,136 [Worker-19: Building] INFO  o.a.m.s.f.DefaultMavenResourcesFiltering - skip non existing resourceDirectory C:\Users\Admin\Automation MWF 9-30 to 11-00\Selenium_Learning\src\main\resources
2026-04-29 10:47:20,138 [Worker-19: Building] INFO  o.a.m.s.f.DefaultMavenResourcesFiltering - skip non existing resourceDirectory C:\Users\Admin\Automation MWF 9-30 to 11-00\Selenium_Learning\src\test\resources
2026-04-29 10:47:50,034 [Worker-31: Building] INFO  o.a.m.s.f.DefaultMavenResourcesFiltering - skip non existing resourceDirectory C:\Users\Admin\Automation MWF 9-30 to 11-00\Selenium_Learning\src\main\resources
2026-04-29 10:47:50,036 [Worker-31: Building] INFO  o.a.m.s.f.DefaultMavenResourcesFiltering - skip non existing resourceDirectory C:\Users\Admin\Automation MWF 9-30 to 11-00\Selenium_Learning\src\test\resources
2026-04-29 10:47:51,066 [Worker-19: Building] INFO  o.a.m.s.f.DefaultMavenResourcesFiltering - skip non existing resourceDirectory C:\Users\Admin\Automation MWF 9-30 to 11-00\Selenium_Learning\src\main\resources
2026-04-29 10:47:51,068 [Worker-19: Building] INFO  o.a.m.s.f.DefaultMavenResourcesFiltering - skip non existing resourceDirectory C:\Users\Admin\Automation MWF 9-30 to 11-00\Selenium_Learning\src\test\resources
2026-04-29 10:48:43,658 [Worker-15: Building] INFO  o.a.m.s.f.DefaultMavenResourcesFiltering - skip non existing resourceDirectory C:\Users\Admin\Automation MWF 9-30 to 11-00\Selenium_Learning\src\main\resources
2026-04-29 10:48:43,660 [Worker-15: Building] INFO  o.a.m.s.f.DefaultMavenResourcesFiltering - skip non existing resourceDirectory C:\Users\Admin\Automation MWF 9-30 to 11-00\Selenium_Learning\src\test\resources
2026-04-29 10:49:28,644 [Worker-26: Building] INFO  o.a.m.s.f.DefaultMavenResourcesFiltering - skip non existing resourceDirectory C:\Users\Admin\Automation MWF 9-30 to 11-00\Selenium_Learning\src\main\resources
2026-04-29 10:49:28,645 [Worker-26: Building] INFO  o.a.m.s.f.DefaultMavenResourcesFiltering - skip non existing resourceDirectory C:\Users\Admin\Automation MWF 9-30 to 11-00\Selenium_Learning\src\test\resources
2026-04-29 10:49:43,738 [Worker-30: Building] INFO  o.a.m.s.f.DefaultMavenResourcesFiltering - skip non existing resourceDirectory C:\Users\Admin\Automation MWF 9-30 to 11-00\Selenium_Learning\src\main\resources
2026-04-29 10:49:43,739 [Worker-30: Building] INFO  o.a.m.s.f.DefaultMavenResourcesFiltering - skip non existing resourceDirectory C:\Users\Admin\Automation MWF 9-30 to 11-00\Selenium_Learning\src\test\resources
2026-04-29 10:50:43,355 [Worker-26: Building] INFO  o.a.m.s.f.DefaultMavenResourcesFiltering - skip non existing resourceDirectory C:\Users\Admin\Automation MWF 9-30 to 11-00\Selenium_Learning\src\main\resources
2026-04-29 10:50:43,356 [Worker-26: Building] INFO  o.a.m.s.f.DefaultMavenResourcesFiltering - skip non existing resourceDirectory C:\Users\Admin\Automation MWF 9-30 to 11-00\Selenium_Learning\src\test\resources
2026-04-29 10:51:17,662 [Worker-30: Building] INFO  o.a.m.s.f.DefaultMavenResourcesFiltering - skip non existing resourceDirectory C:\Users\Admin\Automation MWF 9-30 to 11-00\Selenium_Learning\src\main\resources
2026-04-29 10:51:17,663 [Worker-30: Building] INFO  o.a.m.s.f.DefaultMavenResourcesFiltering - skip non existing resourceDirectory C:\Users\Admin\Automation MWF 9-30 to 11-00\Selenium_Learning\src\test\resources
2026-04-29 10:52:33,363 [Worker-32: Building] INFO  o.a.m.s.f.DefaultMavenResourcesFiltering - skip non existing resourceDirectory C:\Users\Admin\Automation MWF 9-30 to 11-00\Selenium_Learning\src\main\resources
2026-04-29 10:52:33,364 [Worker-32: Building] INFO  o.a.m.s.f.DefaultMavenResourcesFiltering - skip non existing resourceDirectory C:\Users\Admin\Automation MWF 9-30 to 11-00\Selenium_Learning\src\test\resources
2026-04-29 10:52:47,067 [Worker-26: Building] INFO  o.a.m.s.f.DefaultMavenResourcesFiltering - skip non existing resourceDirectory C:\Users\Admin\Automation MWF 9-30 to 11-00\Selenium_Learning\src\main\resources
2026-04-29 10:52:47,068 [Worker-26: Building] INFO  o.a.m.s.f.DefaultMavenResourcesFiltering - skip non existing resourceDirectory C:\Users\Admin\Automation MWF 9-30 to 11-00\Selenium_Learning\src\test\resources
2026-04-29 10:52:48,617 [Worker-30: Building] INFO  o.a.m.s.f.DefaultMavenResourcesFiltering - skip non existing resourceDirectory C:\Users\Admin\Automation MWF 9-30 to 11-00\Selenium_Learning\src\main\resources
2026-04-29 10:52:48,618 [Worker-30: Building] INFO  o.a.m.s.f.DefaultMavenResourcesFiltering - skip non existing resourceDirectory C:\Users\Admin\Automation MWF 9-30 to 11-00\Selenium_Learning\src\test\resources
2026-04-29 10:53:07,148 [Worker-15: Building] INFO  o.a.m.s.f.DefaultMavenResourcesFiltering - skip non existing resourceDirectory C:\Users\Admin\Automation MWF 9-30 to 11-00\Selenium_Learning\src\main\resources
2026-04-29 10:53:07,149 [Worker-15: Building] INFO  o.a.m.s.f.DefaultMavenResourcesFiltering - skip non existing resourceDirectory C:\Users\Admin\Automation MWF 9-30 to 11-00\Selenium_Learning\src\test\resources
2026-04-29 10:54:13,004 [Worker-19: Building] INFO  o.a.m.s.f.DefaultMavenResourcesFiltering - skip non existing resourceDirectory C:\Users\Admin\Automation MWF 9-30 to 11-00\Selenium_Learning\src\main\resources
2026-04-29 10:54:13,005 [Worker-19: Building] INFO  o.a.m.s.f.DefaultMavenResourcesFiltering - skip non existing resourceDirectory C:\Users\Admin\Automation MWF 9-30 to 11-00\Selenium_Learning\src\test\resources
2026-04-29 10:54:35,459 [Worker-26: Building] INFO  o.a.m.s.f.DefaultMavenResourcesFiltering - skip non existing resourceDirectory C:\Users\Admin\Automation MWF 9-30 to 11-00\Selenium_Learning\src\main\resources
2026-04-29 10:54:35,460 [Worker-26: Building] INFO  o.a.m.s.f.DefaultMavenResourcesFiltering - skip non existing resourceDirectory C:\Users\Admin\Automation MWF 9-30 to 11-00\Selenium_Learning\src\test\resources
2026-05-01 12:03:57,897 [Worker-2: Loading available Gradle versions] INFO  o.e.b.c.i.u.g.PublishedGradleVersions - Gradle version information cache is up-to-date. Trying to read.
2026-05-01 12:04:21,900 [Worker-26: Building] INFO  o.a.m.s.f.DefaultMavenResourcesFiltering - skip non existing resourceDirectory C:\Users\Admin\Automation MWF 9-30 to 11-00\Selenium_Learning\src\main\resources
2026-05-01 12:04:21,904 [Worker-26: Building] INFO  o.a.m.s.f.DefaultMavenResourcesFiltering - skip non existing resourceDirectory C:\Users\Admin\Automation MWF 9-30 to 11-00\Selenium_Learning\src\test\resources
2026-05-01 12:04:55,574 [Worker-22: Building] INFO  o.a.m.s.f.DefaultMavenResourcesFiltering - skip non existing resourceDirectory C:\Users\Admin\Automation MWF 9-30 to 11-00\Selenium_Learning\src\main\resources
2026-05-01 12:04:55,577 [Worker-22: Building] INFO  o.a.m.s.f.DefaultMavenResourcesFiltering - skip non existing resourceDirectory C:\Users\Admin\Automation MWF 9-30 to 11-00\Selenium_Learning\src\test\resources
2026-05-01 12:04:59,073 [Worker-4: Building] INFO  o.a.m.s.f.DefaultMavenResourcesFiltering - skip non existing resourceDirectory C:\Users\Admin\Automation MWF 9-30 to 11-00\Selenium_Learning\src\main\resources
2026-05-01 12:04:59,075 [Worker-4: Building] INFO  o.a.m.s.f.DefaultMavenResourcesFiltering - skip non existing resourceDirectory C:\Users\Admin\Automation MWF 9-30 to 11-00\Selenium_Learning\src\test\resources
2026-05-01 12:18:51,408 [Worker-2: Loading available Gradle versions] INFO  o.e.b.c.i.u.g.PublishedGradleVersions - Gradle version information cache is up-to-date. Trying to read.
2026-05-01 12:22:07,998 [Worker-23: Building] INFO  o.a.m.s.f.DefaultMavenResourcesFiltering - skip non existing resourceDirectory C:\Users\Admin\Automation MWF 9-30 to 11-00\Selenium_Learning\src\main\resources
2026-05-01 12:22:08,003 [Worker-23: Building] INFO  o.a.m.s.f.DefaultMavenResourcesFiltering - skip non existing resourceDirectory C:\Users\Admin\Automation MWF 9-30 to 11-00\Selenium_Learning\src\test\resources
2026-05-01 12:22:44,355 [Worker-23: Building] INFO  o.a.m.s.f.DefaultMavenResourcesFiltering - skip non existing resourceDirectory C:\Users\Admin\Automation MWF 9-30 to 11-00\Selenium_Learning\src\main\resources
2026-05-01 12:22:44,357 [Worker-23: Building] INFO  o.a.m.s.f.DefaultMavenResourcesFiltering - skip non existing resourceDirectory C:\Users\Admin\Automation MWF 9-30 to 11-00\Selenium_Learning\src\test\resources
2026-05-01 12:25:09,743 [Worker-33: Building] INFO  o.a.m.s.f.DefaultMavenResourcesFiltering - skip non existing resourceDirectory C:\Users\Admin\Automation MWF 9-30 to 11-00\Selenium_Learning\src\main\resources
2026-05-01 12:25:09,744 [Worker-33: Building] INFO  o.a.m.s.f.DefaultMavenResourcesFiltering - skip non existing resourceDirectory C:\Users\Admin\Automation MWF 9-30 to 11-00\Selenium_Learning\src\test\resources
2026-05-01 12:25:37,699 [Worker-35: Building] INFO  o.a.m.s.f.DefaultMavenResourcesFiltering - skip non existing resourceDirectory C:\Users\Admin\Automation MWF 9-30 to 11-00\Selenium_Learning\src\main\resources
2026-05-01 12:25:37,700 [Worker-35: Building] INFO  o.a.m.s.f.DefaultMavenResourcesFiltering - skip non existing resourceDirectory C:\Users\Admin\Automation MWF 9-30 to 11-00\Selenium_Learning\src\test\resources
2026-05-01 12:26:25,869 [Worker-38: Building] INFO  o.a.m.s.f.DefaultMavenResourcesFiltering - skip non existing resourceDirectory C:\Users\Admin\Automation MWF 9-30 to 11-00\Selenium_Learning\src\main\resources
2026-05-01 12:26:25,870 [Worker-38: Building] INFO  o.a.m.s.f.DefaultMavenResourcesFiltering - skip non existing resourceDirectory C:\Users\Admin\Automation MWF 9-30 to 11-00\Selenium_Learning\src\test\resources
2026-05-01 12:26:31,239 [Worker-36: Building] INFO  o.a.m.s.f.DefaultMavenResourcesFiltering - skip non existing resourceDirectory C:\Users\Admin\Automation MWF 9-30 to 11-00\Selenium_Learning\src\main\resources
2026-05-01 12:26:31,240 [Worker-36: Building] INFO  o.a.m.s.f.DefaultMavenResourcesFiltering - skip non existing resourceDirectory C:\Users\Admin\Automation MWF 9-30 to 11-00\Selenium_Learning\src\test\resources
2026-05-01 12:26:37,827 [Worker-39: Building] INFO  o.a.m.s.f.DefaultMavenResourcesFiltering - skip non existing resourceDirectory C:\Users\Admin\Automation MWF 9-30 to 11-00\Selenium_Learning\src\main\resources
2026-05-01 12:26:37,828 [Worker-39: Building] INFO  o.a.m.s.f.DefaultMavenResourcesFiltering - skip non existing resourceDirectory C:\Users\Admin\Automation MWF 9-30 to 11-00\Selenium_Learning\src\test\resources
2026-05-01 12:26:56,634 [Worker-38: Building] INFO  o.a.m.s.f.DefaultMavenResourcesFiltering - skip non existing resourceDirectory C:\Users\Admin\Automation MWF 9-30 to 11-00\Selenium_Learning\src\main\resources
2026-05-01 12:26:56,636 [Worker-38: Building] INFO  o.a.m.s.f.DefaultMavenResourcesFiltering - skip non existing resourceDirectory C:\Users\Admin\Automation MWF 9-30 to 11-00\Selenium_Learning\src\test\resources
2026-05-01 12:27:10,373 [Worker-38: Building] INFO  o.a.m.s.f.DefaultMavenResourcesFiltering - skip non existing resourceDirectory C:\Users\Admin\Automation MWF 9-30 to 11-00\Selenium_Learning\src\main\resources
2026-05-01 12:27:10,375 [Worker-38: Building] INFO  o.a.m.s.f.DefaultMavenResourcesFiltering - skip non existing resourceDirectory C:\Users\Admin\Automation MWF 9-30 to 11-00\Selenium_Learning\src\test\resources
2026-05-01 12:27:36,978 [Worker-37: Building] INFO  o.a.m.s.f.DefaultMavenResourcesFiltering - skip non existing resourceDirectory C:\Users\Admin\Automation MWF 9-30 to 11-00\Selenium_Learning\src\main\resources
2026-05-01 12:27:36,980 [Worker-37: Building] INFO  o.a.m.s.f.DefaultMavenResourcesFiltering - skip non existing resourceDirectory C:\Users\Admin\Automation MWF 9-30 to 11-00\Selenium_Learning\src\test\resources
2026-05-01 12:27:59,473 [Worker-39: Building] INFO  o.a.m.s.f.DefaultMavenResourcesFiltering - skip non existing resourceDirectory C:\Users\Admin\Automation MWF 9-30 to 11-00\Selenium_Learning\src\main\resources
2026-05-01 12:27:59,474 [Worker-39: Building] INFO  o.a.m.s.f.DefaultMavenResourcesFiltering - skip non existing resourceDirectory C:\Users\Admin\Automation MWF 9-30 to 11-00\Selenium_Learning\src\test\resources
2026-05-01 12:28:17,855 [Worker-33: Building] INFO  o.a.m.s.f.DefaultMavenResourcesFiltering - skip non existing resourceDirectory C:\Users\Admin\Automation MWF 9-30 to 11-00\Selenium_Learning\src\main\resources
2026-05-01 12:28:17,857 [Worker-33: Building] INFO  o.a.m.s.f.DefaultMavenResourcesFiltering - skip non existing resourceDirectory C:\Users\Admin\Automation MWF 9-30 to 11-00\Selenium_Learning\src\test\resources
2026-05-01 12:29:31,779 [Worker-36: Building] INFO  o.a.m.s.f.DefaultMavenResourcesFiltering - skip non existing resourceDirectory C:\Users\Admin\Automation MWF 9-30 to 11-00\Selenium_Learning\src\main\resources
2026-05-01 12:29:31,780 [Worker-36: Building] INFO  o.a.m.s.f.DefaultMavenResourcesFiltering - skip non existing resourceDirectory C:\Users\Admin\Automation MWF 9-30 to 11-00\Selenium_Learning\src\test\resources
2026-05-01 12:29:32,912 [Worker-33: Building] INFO  o.a.m.s.f.DefaultMavenResourcesFiltering - skip non existing resourceDirectory C:\Users\Admin\Automation MWF 9-30 to 11-00\Selenium_Learning\src\main\resources
2026-05-01 12:29:32,913 [Worker-33: Building] INFO  o.a.m.s.f.DefaultMavenResourcesFiltering - skip non existing resourceDirectory C:\Users\Admin\Automation MWF 9-30 to 11-00\Selenium_Learning\src\test\resources
2026-05-04 10:35:57,520 [Worker-3: Loading available Gradle versions] INFO  o.e.b.c.i.u.g.PublishedGradleVersions - Gradle version information cache is up-to-date. Trying to read.
2026-05-04 10:36:33,850 [Worker-3: Building] INFO  o.a.m.s.f.DefaultMavenResourcesFiltering - skip non existing resourceDirectory C:\Users\Admin\Automation MWF 9-30 to 11-00\Selenium_Learning\src\main\resources
2026-05-04 10:36:33,854 [Worker-3: Building] INFO  o.a.m.s.f.DefaultMavenResourcesFiltering - skip non existing resourceDirectory C:\Users\Admin\Automation MWF 9-30 to 11-00\Selenium_Learning\src\test\resources
2026-05-04 10:36:51,912 [Worker-6: Building] INFO  o.a.m.s.f.DefaultMavenResourcesFiltering - skip non existing resourceDirectory C:\Users\Admin\Automation MWF 9-30 to 11-00\Selenium_Learning\src\main\resources
2026-05-04 10:36:51,915 [Worker-6: Building] INFO  o.a.m.s.f.DefaultMavenResourcesFiltering - skip non existing resourceDirectory C:\Users\Admin\Automation MWF 9-30 to 11-00\Selenium_Learning\src\test\resources
2026-05-04 10:38:14,513 [Worker-12: Building] INFO  o.a.m.s.f.DefaultMavenResourcesFiltering - skip non existing resourceDirectory C:\Users\Admin\Automation MWF 9-30 to 11-00\Selenium_Learning\src\main\resources
2026-05-04 10:38:14,517 [Worker-12: Building] INFO  o.a.m.s.f.DefaultMavenResourcesFiltering - skip non existing resourceDirectory C:\Users\Admin\Automation MWF 9-30 to 11-00\Selenium_Learning\src\test\resources
2026-05-04 10:38:26,743 [Worker-26: Building] INFO  o.a.m.s.f.DefaultMavenResourcesFiltering - skip non existing resourceDirectory C:\Users\Admin\Automation MWF 9-30 to 11-00\Selenium_Learning\src\main\resources
2026-05-04 10:38:26,745 [Worker-26: Building] INFO  o.a.m.s.f.DefaultMavenResourcesFiltering - skip non existing resourceDirectory C:\Users\Admin\Automation MWF 9-30 to 11-00\Selenium_Learning\src\test\resources
2026-05-04 10:38:40,520 [Worker-6: Building] INFO  o.a.m.s.f.DefaultMavenResourcesFiltering - skip non existing resourceDirectory C:\Users\Admin\Automation MWF 9-30 to 11-00\Selenium_Learning\src\main\resources
2026-05-04 10:38:40,522 [Worker-6: Building] INFO  o.a.m.s.f.DefaultMavenResourcesFiltering - skip non existing resourceDirectory C:\Users\Admin\Automation MWF 9-30 to 11-00\Selenium_Learning\src\test\resources
2026-05-04 10:39:40,142 [Worker-11: Building] INFO  o.a.m.s.f.DefaultMavenResourcesFiltering - skip non existing resourceDirectory C:\Users\Admin\Automation MWF 9-30 to 11-00\Selenium_Learning\src\main\resources
2026-05-04 10:39:40,143 [Worker-11: Building] INFO  o.a.m.s.f.DefaultMavenResourcesFiltering - skip non existing resourceDirectory C:\Users\Admin\Automation MWF 9-30 to 11-00\Selenium_Learning\src\test\resources
2026-05-04 10:39:41,226 [Worker-20: Building] INFO  o.a.m.s.f.DefaultMavenResourcesFiltering - skip non existing resourceDirectory C:\Users\Admin\Automation MWF 9-30 to 11-00\Selenium_Learning\src\main\resources
2026-05-04 10:39:41,228 [Worker-20: Building] INFO  o.a.m.s.f.DefaultMavenResourcesFiltering - skip non existing resourceDirectory C:\Users\Admin\Automation MWF 9-30 to 11-00\Selenium_Learning\src\test\resources
2026-05-04 10:43:10,066 [Worker-26: Building] INFO  o.a.m.s.f.DefaultMavenResourcesFiltering - skip non existing resourceDirectory C:\Users\Admin\Automation MWF 9-30 to 11-00\Selenium_Learning\src\main\resources
2026-05-04 10:43:10,068 [Worker-26: Building] INFO  o.a.m.s.f.DefaultMavenResourcesFiltering - skip non existing resourceDirectory C:\Users\Admin\Automation MWF 9-30 to 11-00\Selenium_Learning\src\test\resources
2026-05-04 10:43:20,412 [Worker-17: Building] INFO  o.a.m.s.f.DefaultMavenResourcesFiltering - skip non existing resourceDirectory C:\Users\Admin\Automation MWF 9-30 to 11-00\Selenium_Learning\src\main\resources
2026-05-04 10:43:20,414 [Worker-17: Building] INFO  o.a.m.s.f.DefaultMavenResourcesFiltering - skip non existing resourceDirectory C:\Users\Admin\Automation MWF 9-30 to 11-00\Selenium_Learning\src\test\resources
2026-05-04 10:43:21,579 [Worker-1: Building] INFO  o.a.m.s.f.DefaultMavenResourcesFiltering - skip non existing resourceDirectory C:\Users\Admin\Automation MWF 9-30 to 11-00\Selenium_Learning\src\main\resources
2026-05-04 10:43:21,581 [Worker-1: Building] INFO  o.a.m.s.f.DefaultMavenResourcesFiltering - skip non existing resourceDirectory C:\Users\Admin\Automation MWF 9-30 to 11-00\Selenium_Learning\src\test\resources
2026-05-04 10:44:36,667 [Worker-26: Building] INFO  o.a.m.s.f.DefaultMavenResourcesFiltering - skip non existing resourceDirectory C:\Users\Admin\Automation MWF 9-30 to 11-00\Selenium_Learning\src\main\resources
2026-05-04 10:44:36,669 [Worker-26: Building] INFO  o.a.m.s.f.DefaultMavenResourcesFiltering - skip non existing resourceDirectory C:\Users\Admin\Automation MWF 9-30 to 11-00\Selenium_Learning\src\test\resources
2026-05-04 10:45:41,363 [Worker-0: Building] INFO  o.a.m.s.f.DefaultMavenResourcesFiltering - skip non existing resourceDirectory C:\Users\Admin\Automation MWF 9-30 to 11-00\Selenium_Learning\src\main\resources
2026-05-04 10:45:41,364 [Worker-0: Building] INFO  o.a.m.s.f.DefaultMavenResourcesFiltering - skip non existing resourceDirectory C:\Users\Admin\Automation MWF 9-30 to 11-00\Selenium_Learning\src\test\resources
2026-05-04 10:46:00,011 [Worker-17: Building] INFO  o.a.m.s.f.DefaultMavenResourcesFiltering - skip non existing resourceDirectory C:\Users\Admin\Automation MWF 9-30 to 11-00\Selenium_Learning\src\main\resources
2026-05-04 10:46:00,012 [Worker-17: Building] INFO  o.a.m.s.f.DefaultMavenResourcesFiltering - skip non existing resourceDirectory C:\Users\Admin\Automation MWF 9-30 to 11-00\Selenium_Learning\src\test\resources
2026-05-04 10:46:15,816 [Worker-8: Building] INFO  o.a.m.s.f.DefaultMavenResourcesFiltering - skip non existing resourceDirectory C:\Users\Admin\Automation MWF 9-30 to 11-00\Selenium_Learning\src\main\resources
2026-05-04 10:46:15,817 [Worker-8: Building] INFO  o.a.m.s.f.DefaultMavenResourcesFiltering - skip non existing resourceDirectory C:\Users\Admin\Automation MWF 9-30 to 11-00\Selenium_Learning\src\test\resources
2026-05-04 10:46:16,930 [Worker-0: Building] INFO  o.a.m.s.f.DefaultMavenResourcesFiltering - skip non existing resourceDirectory C:\Users\Admin\Automation MWF 9-30 to 11-00\Selenium_Learning\src\main\resources
2026-05-04 10:46:16,932 [Worker-0: Building] INFO  o.a.m.s.f.DefaultMavenResourcesFiltering - skip non existing resourceDirectory C:\Users\Admin\Automation MWF 9-30 to 11-00\Selenium_Learning\src\test\resources
2026-05-04 10:47:31,746 [Worker-0: Building] INFO  o.a.m.s.f.DefaultMavenResourcesFiltering - skip non existing resourceDirectory C:\Users\Admin\Automation MWF 9-30 to 11-00\Selenium_Learning\src\main\resources
2026-05-04 10:47:31,749 [Worker-0: Building] INFO  o.a.m.s.f.DefaultMavenResourcesFiltering - skip non existing resourceDirectory C:\Users\Admin\Automation MWF 9-30 to 11-00\Selenium_Learning\src\test\resources
2026-05-04 10:47:55,363 [Worker-8: Building] INFO  o.a.m.s.f.DefaultMavenResourcesFiltering - skip non existing resourceDirectory C:\Users\Admin\Automation MWF 9-30 to 11-00\Selenium_Learning\src\main\resources
2026-05-04 10:47:55,364 [Worker-8: Building] INFO  o.a.m.s.f.DefaultMavenResourcesFiltering - skip non existing resourceDirectory C:\Users\Admin\Automation MWF 9-30 to 11-00\Selenium_Learning\src\test\resources
2026-05-04 10:48:50,278 [Worker-26: Building] INFO  o.a.m.s.f.DefaultMavenResourcesFiltering - skip non existing resourceDirectory C:\Users\Admin\Automation MWF 9-30 to 11-00\Selenium_Learning\src\main\resources
2026-05-04 10:48:50,280 [Worker-26: Building] INFO  o.a.m.s.f.DefaultMavenResourcesFiltering - skip non existing resourceDirectory C:\Users\Admin\Automation MWF 9-30 to 11-00\Selenium_Learning\src\test\resources
2026-05-04 10:48:51,323 [Worker-1: Building] INFO  o.a.m.s.f.DefaultMavenResourcesFiltering - skip non existing resourceDirectory C:\Users\Admin\Automation MWF 9-30 to 11-00\Selenium_Learning\src\main\resources
2026-05-04 10:48:51,324 [Worker-1: Building] INFO  o.a.m.s.f.DefaultMavenResourcesFiltering - skip non existing resourceDirectory C:\Users\Admin\Automation MWF 9-30 to 11-00\Selenium_Learning\src\test\resources
2026-05-04 10:49:02,662 [Worker-31: Building] INFO  o.a.m.s.f.DefaultMavenResourcesFiltering - skip non existing resourceDirectory C:\Users\Admin\Automation MWF 9-30 to 11-00\Selenium_Learning\src\main\resources
2026-05-04 10:49:02,665 [Worker-31: Building] INFO  o.a.m.s.f.DefaultMavenResourcesFiltering - skip non existing resourceDirectory C:\Users\Admin\Automation MWF 9-30 to 11-00\Selenium_Learning\src\test\resources
2026-05-04 10:49:35,087 [Worker-8: Building] INFO  o.a.m.s.f.DefaultMavenResourcesFiltering - skip non existing resourceDirectory C:\Users\Admin\Automation MWF 9-30 to 11-00\Selenium_Learning\src\main\resources
2026-05-04 10:49:35,088 [Worker-8: Building] INFO  o.a.m.s.f.DefaultMavenResourcesFiltering - skip non existing resourceDirectory C:\Users\Admin\Automation MWF 9-30 to 11-00\Selenium_Learning\src\test\resources
2026-05-04 10:49:38,169 [Worker-1: Building] INFO  o.a.m.s.f.DefaultMavenResourcesFiltering - skip non existing resourceDirectory C:\Users\Admin\Automation MWF 9-30 to 11-00\Selenium_Learning\src\main\resources
2026-05-04 10:49:38,170 [Worker-1: Building] INFO  o.a.m.s.f.DefaultMavenResourcesFiltering - skip non existing resourceDirectory C:\Users\Admin\Automation MWF 9-30 to 11-00\Selenium_Learning\src\test\resources
2026-05-04 10:49:39,252 [Worker-26: Building] INFO  o.a.m.s.f.DefaultMavenResourcesFiltering - skip non existing resourceDirectory C:\Users\Admin\Automation MWF 9-30 to 11-00\Selenium_Learning\src\main\resources
2026-05-04 10:49:39,254 [Worker-26: Building] INFO  o.a.m.s.f.DefaultMavenResourcesFiltering - skip non existing resourceDirectory C:\Users\Admin\Automation MWF 9-30 to 11-00\Selenium_Learning\src\test\resources
2026-05-04 10:49:40,335 [Worker-17: Building] INFO  o.a.m.s.f.DefaultMavenResourcesFiltering - skip non existing resourceDirectory C:\Users\Admin\Automation MWF 9-30 to 11-00\Selenium_Learning\src\main\resources
2026-05-04 10:49:40,336 [Worker-17: Building] INFO  o.a.m.s.f.DefaultMavenResourcesFiltering - skip non existing resourceDirectory C:\Users\Admin\Automation MWF 9-30 to 11-00\Selenium_Learning\src\test\resources
2026-05-04 10:50:15,352 [Worker-0: Building] INFO  o.a.m.s.f.DefaultMavenResourcesFiltering - skip non existing resourceDirectory C:\Users\Admin\Automation MWF 9-30 to 11-00\Selenium_Learning\src\main\resources
2026-05-04 10:50:15,353 [Worker-0: Building] INFO  o.a.m.s.f.DefaultMavenResourcesFiltering - skip non existing resourceDirectory C:\Users\Admin\Automation MWF 9-30 to 11-00\Selenium_Learning\src\test\resources
2026-05-04 10:50:33,052 [Worker-26: Building] INFO  o.a.m.s.f.DefaultMavenResourcesFiltering - skip non existing resourceDirectory C:\Users\Admin\Automation MWF 9-30 to 11-00\Selenium_Learning\src\main\resources
2026-05-04 10:50:33,053 [Worker-26: Building] INFO  o.a.m.s.f.DefaultMavenResourcesFiltering - skip non existing resourceDirectory C:\Users\Admin\Automation MWF 9-30 to 11-00\Selenium_Learning\src\test\resources
2026-05-04 10:50:34,138 [Worker-31: Building] INFO  o.a.m.s.f.DefaultMavenResourcesFiltering - skip non existing resourceDirectory C:\Users\Admin\Automation MWF 9-30 to 11-00\Selenium_Learning\src\main\resources
2026-05-04 10:50:34,140 [Worker-31: Building] INFO  o.a.m.s.f.DefaultMavenResourcesFiltering - skip non existing resourceDirectory C:\Users\Admin\Automation MWF 9-30 to 11-00\Selenium_Learning\src\test\resources
2026-05-04 10:51:28,647 [Worker-8: Building] INFO  o.a.m.s.f.DefaultMavenResourcesFiltering - skip non existing resourceDirectory C:\Users\Admin\Automation MWF 9-30 to 11-00\Selenium_Learning\src\main\resources
2026-05-04 10:51:28,648 [Worker-8: Building] INFO  o.a.m.s.f.DefaultMavenResourcesFiltering - skip non existing resourceDirectory C:\Users\Admin\Automation MWF 9-30 to 11-00\Selenium_Learning\src\test\resources
2026-05-04 10:52:48,736 [Worker-30: Building] INFO  o.a.m.s.f.DefaultMavenResourcesFiltering - skip non existing resourceDirectory C:\Users\Admin\Automation MWF 9-30 to 11-00\Selenium_Learning\src\main\resources
2026-05-04 10:52:48,737 [Worker-30: Building] INFO  o.a.m.s.f.DefaultMavenResourcesFiltering - skip non existing resourceDirectory C:\Users\Admin\Automation MWF 9-30 to 11-00\Selenium_Learning\src\test\resources
2026-05-04 10:53:16,948 [Worker-31: Building] INFO  o.a.m.s.f.DefaultMavenResourcesFiltering - skip non existing resourceDirectory C:\Users\Admin\Automation MWF 9-30 to 11-00\Selenium_Learning\src\main\resources
2026-05-04 10:53:16,949 [Worker-31: Building] INFO  o.a.m.s.f.DefaultMavenResourcesFiltering - skip non existing resourceDirectory C:\Users\Admin\Automation MWF 9-30 to 11-00\Selenium_Learning\src\test\resources
2026-05-04 10:53:18,776 [Worker-0: Building] INFO  o.a.m.s.f.DefaultMavenResourcesFiltering - skip non existing resourceDirectory C:\Users\Admin\Automation MWF 9-30 to 11-00\Selenium_Learning\src\main\resources
2026-05-04 10:53:18,777 [Worker-0: Building] INFO  o.a.m.s.f.DefaultMavenResourcesFiltering - skip non existing resourceDirectory C:\Users\Admin\Automation MWF 9-30 to 11-00\Selenium_Learning\src\test\resources
2026-05-04 10:54:43,934 [Worker-26: Building] INFO  o.a.m.s.f.DefaultMavenResourcesFiltering - skip non existing resourceDirectory C:\Users\Admin\Automation MWF 9-30 to 11-00\Selenium_Learning\src\main\resources
2026-05-04 10:54:43,936 [Worker-26: Building] INFO  o.a.m.s.f.DefaultMavenResourcesFiltering - skip non existing resourceDirectory C:\Users\Admin\Automation MWF 9-30 to 11-00\Selenium_Learning\src\test\resources
2026-05-04 10:54:44,970 [Worker-26: Building] INFO  o.a.m.s.f.DefaultMavenResourcesFiltering - skip non existing resourceDirectory C:\Users\Admin\Automation MWF 9-30 to 11-00\Selenium_Learning\src\main\resources
2026-05-04 10:54:44,972 [Worker-26: Building] INFO  o.a.m.s.f.DefaultMavenResourcesFiltering - skip non existing resourceDirectory C:\Users\Admin\Automation MWF 9-30 to 11-00\Selenium_Learning\src\test\resources
2026-05-04 10:54:46,005 [Worker-30: Building] INFO  o.a.m.s.f.DefaultMavenResourcesFiltering - skip non existing resourceDirectory C:\Users\Admin\Automation MWF 9-30 to 11-00\Selenium_Learning\src\main\resources
2026-05-04 10:54:46,006 [Worker-30: Building] INFO  o.a.m.s.f.DefaultMavenResourcesFiltering - skip non existing resourceDirectory C:\Users\Admin\Automation MWF 9-30 to 11-00\Selenium_Learning\src\test\resources
2026-05-04 10:56:53,012 [Worker-8: Building] INFO  o.a.m.s.f.DefaultMavenResourcesFiltering - skip non existing resourceDirectory C:\Users\Admin\Automation MWF 9-30 to 11-00\Selenium_Learning\src\main\resources
2026-05-04 10:56:53,014 [Worker-8: Building] INFO  o.a.m.s.f.DefaultMavenResourcesFiltering - skip non existing resourceDirectory C:\Users\Admin\Automation MWF 9-30 to 11-00\Selenium_Learning\src\test\resources
2026-05-04 10:56:54,104 [Worker-17: Building] INFO  o.a.m.s.f.DefaultMavenResourcesFiltering - skip non existing resourceDirectory C:\Users\Admin\Automation MWF 9-30 to 11-00\Selenium_Learning\src\main\resources
2026-05-04 10:56:54,106 [Worker-17: Building] INFO  o.a.m.s.f.DefaultMavenResourcesFiltering - skip non existing resourceDirectory C:\Users\Admin\Automation MWF 9-30 to 11-00\Selenium_Learning\src\test\resources
2026-05-04 10:57:01,834 [Worker-17: Building] INFO  o.a.m.s.f.DefaultMavenResourcesFiltering - skip non existing resourceDirectory C:\Users\Admin\Automation MWF 9-30 to 11-00\Selenium_Learning\src\main\resources
2026-05-04 10:57:01,835 [Worker-17: Building] INFO  o.a.m.s.f.DefaultMavenResourcesFiltering - skip non existing resourceDirectory C:\Users\Admin\Automation MWF 9-30 to 11-00\Selenium_Learning\src\test\resources
2026-05-04 10:58:21,619 [Worker-8: Building] INFO  o.a.m.s.f.DefaultMavenResourcesFiltering - skip non existing resourceDirectory C:\Users\Admin\Automation MWF 9-30 to 11-00\Selenium_Learning\src\main\resources
2026-05-04 10:58:21,620 [Worker-8: Building] INFO  o.a.m.s.f.DefaultMavenResourcesFiltering - skip non existing resourceDirectory C:\Users\Admin\Automation MWF 9-30 to 11-00\Selenium_Learning\src\test\resources
2026-05-04 10:58:38,355 [Worker-31: Building] INFO  o.a.m.s.f.DefaultMavenResourcesFiltering - skip non existing resourceDirectory C:\Users\Admin\Automation MWF 9-30 to 11-00\Selenium_Learning\src\main\resources
2026-05-04 10:58:38,356 [Worker-31: Building] INFO  o.a.m.s.f.DefaultMavenResourcesFiltering - skip non existing resourceDirectory C:\Users\Admin\Automation MWF 9-30 to 11-00\Selenium_Learning\src\test\resources
2026-05-04 11:00:35,795 [Worker-31: Building] INFO  o.a.m.s.f.DefaultMavenResourcesFiltering - skip non existing resourceDirectory C:\Users\Admin\Automation MWF 9-30 to 11-00\Selenium_Learning\src\main\resources
2026-05-04 11:00:35,797 [Worker-31: Building] INFO  o.a.m.s.f.DefaultMavenResourcesFiltering - skip non existing resourceDirectory C:\Users\Admin\Automation MWF 9-30 to 11-00\Selenium_Learning\src\test\resources
2026-05-04 11:01:38,430 [Worker-1: Loading available Gradle versions] INFO  o.e.b.c.i.u.g.PublishedGradleVersions - Gradle version information cache is up-to-date. Trying to read.
2026-05-04 11:03:03,100 [Worker-2: Building] INFO  o.a.m.s.f.DefaultMavenResourcesFiltering - skip non existing resourceDirectory C:\Users\Admin\Automation MWF 9-30 to 11-00\Selenium_Learning\src\main\resources
2026-05-04 11:03:03,105 [Worker-2: Building] INFO  o.a.m.s.f.DefaultMavenResourcesFiltering - skip non existing resourceDirectory C:\Users\Admin\Automation MWF 9-30 to 11-00\Selenium_Learning\src\test\resources
2026-05-04 11:03:56,269 [Worker-15: Building] INFO  o.a.m.s.f.DefaultMavenResourcesFiltering - skip non existing resourceDirectory C:\Users\Admin\Automation MWF 9-30 to 11-00\Selenium_Learning\src\main\resources
2026-05-04 11:03:56,273 [Worker-15: Building] INFO  o.a.m.s.f.DefaultMavenResourcesFiltering - skip non existing resourceDirectory C:\Users\Admin\Automation MWF 9-30 to 11-00\Selenium_Learning\src\test\resources
